Intercept;Maximum_height;Leaf_area;Anemochoric;Zoochoric;Climax;Early_secondary;Late_secondary;Central_sa;Eastern_sa;Local_endemic;Neotropical;Pantropical;Regional_endemic;Sa;Southern_sa;Seed_length;Wood_density;Leaf_type
1;30;0.944210952;0;1;0;1;0;0;1;0;0;0;0;0;0;-0.124880835;0.585;1
1;21;0.204289593;0;1;0;1;0;0;1;0;0;0;0;0;0;-0.187019834;0.513;1
1;12.9515;1.092887149;0;1;0;0;0;0;1;0;0;0;0;0;0;-0.555799011;0.75;0
1;23.6;0.125538803;1;0;0;1;0;0;0;0;0;0;1;0;0;0.190359716;0.796;1
1;17;2.33005777;0;1;0;0;0;0;0;0;1;0;0;0;0;0.499700826;0.781;1
1;16;1.398540075;0;0;0;0;1;0;0;0;1;0;0;0;0;-0.2153114;0.907;0
1;18;2.234046998;0;1;0;0;0;0;0;0;0;0;0;1;0;-0.17602612;0.503545455;0
1;6.85;1.94041286;0;1;0;0;0;0;0;0;0;0;0;1;0;-0.300943145;0.6064;0
1;20;1.297407284;0;1;0;0;1;0;0;0;1;0;0;0;0;0.142003394;0.8501;0
1;16.8;1.087029691;0;1;0;0;1;0;0;0;0;0;0;1;0;0.30105171;0.785;0
1;21.8;1.47862459;0;1;0;0;1;0;1;0;0;0;0;0;0;0.047313816;0.447;0
1;28.6;-0.92881886;1;0;0;1;0;0;0;0;0;0;0;1;0;0.041432165;0.549641026;1
1;24.5;-1.061575488;1;0;0;1;0;0;0;0;1;0;0;0;0;-0.055221319;0.576;1
1;40;-0.665577425;0;1;0;0;1;0;0;0;0;0;0;1;0;-0.136617652;0.515875;1
1;25;0.950324826;1;0;0;1;0;0;1;0;0;0;0;0;0;-0.072578305;0.5885;1
1;25;1.987195459;0;1;0;0;0;0;0;0;1;0;0;0;0;-0.632457726;0.396001056;0
1;30;2.174867002;0;1;0;1;0;0;0;0;0;0;1;0;0;-0.300943145;0.3515;0
1;30;1.672641591;0;1;0;1;0;0;0;0;1;0;0;0;0;-0.264853726;0.427916385;0
1;8.2;1.885943543;0;1;0;1;0;0;0;0;1;0;0;0;0;-0.236497135;0.6525;0
1;19.365;1.424611997;0;1;0;1;0;0;0;0;0;0;0;1;0;-0.203402542;0.57725;1
1;14;1.143894417;0;1;0;0;1;0;0;0;0;0;1;0;0;-0.138323161;0.54452381;1
1;20;1.713784999;0;1;0;0;1;0;1;0;0;0;0;0;0;-0.079129134;0.524666667;1
1;15.8;0.950205301;0;1;0;1;0;0;1;0;0;0;0;0;0;-0.138323161;0.54452381;1
1;20;1.681801385;0;1;0;1;0;0;0;0;1;0;0;0;0;-0.042504453;0.5795;1
1;8;1.423009645;0;1;0;1;0;0;0;0;0;0;0;1;0;-0.368962303;0.54452381;1
1;12.2;1.694430431;1;0;0;0;0;0;0;0;0;0;0;1;0;0.522457275;0.6;0
1;20;1.728993639;1;0;0;1;0;0;1;0;0;0;0;0;0;-0.505011026;0.85;0
1;25;1.77561766;1;0;0;1;0;0;0;0;0;0;1;0;0;-0.187019834;0.6844;0
1;30.644;0.972222541;1;0;1;0;0;0;1;0;0;0;0;0;0;-1.482804102;0.1555;1
1;15;1.146728102;1;0;0;0;1;0;1;0;0;0;0;0;0;-1.407823243;0.1555;1
1;17.3;1.735519676;0;1;0;1;0;0;0;0;0;0;0;1;0;-0.337147767;0.634728571;0
1;20;1.720578857;0;1;0;1;0;0;0;0;0;0;0;1;0;-0.341416285;0.635025122;0
1;22.2;0.824508807;1;0;0;1;0;0;1;0;0;0;0;0;0;0.247997802;0.530538462;1
1;11;1.317679721;0;0;0;0;1;0;0;0;1;0;0;0;0;-0.411056357;0.71;0
1;12.8;1.775903474;0;1;0;1;0;0;0;0;0;0;0;1;0;0.30105171;0.527857143;0
1;30;-1.571837459;1;0;0;1;0;0;0;0;0;0;0;1;0;0.053116875;0.847705882;1
1;24.1;-1.450092078;1;0;0;1;0;0;0;0;1;0;0;0;0;0.201424438;0.77375;1
1;12.6;2.335698551;0;1;0;0;1;0;0;0;1;0;0;0;0;-0.221776373;0.58;0
1;25;1.278216274;0;1;0;1;0;0;1;0;0;0;0;0;0;0.574042849;0.802;1
1;19;1.215366021;0;1;0;1;0;1;0;0;0;0;0;0;0;0.663835935;0.739;1
1;15;1.075419859;0;1;0;1;0;0;1;0;0;0;0;0;0;0.604992414;0.7252;1
1;35;1.23527766;0;1;0;1;0;0;0;0;1;0;0;0;0;0.663835935;0.654363636;1
1;25;1.288292045;0;1;0;1;0;0;0;0;0;0;1;0;0;0.563492951;0.84;1
1;30;1.500308707;0;1;0;1;0;0;0;0;0;0;1;0;0;0.663835935;0.722;1
1;16.2;1.431648324;0;1;0;0;1;0;0;0;0;0;0;1;0;0.602070849;0.733888889;1
1;22.4;1.620898279;0;1;0;0;1;0;1;0;0;0;0;0;0;0.332458659;0.53796;0
1;12.4;2.041217917;0;1;0;0;1;0;1;0;0;0;0;0;0;0.261286665;0.6651;0
1;22;1.687654695;0;1;0;1;0;0;1;0;0;0;0;0;0;0.110623375;0.4828;0
1;9.2;1.877361114;0;1;0;1;0;0;0;0;0;0;0;1;0;0.224040739;0.505;0
1;13.75;1.694753446;0;1;0;1;0;0;1;0;0;0;0;0;0;0.205502095;0.426;0
1;24.3;1.534731982;0;1;0;1;0;0;1;0;0;0;0;0;0;-0.162664132;0.386666667;0
1;20;1.441467568;0;1;0;1;0;0;0;0;0;0;0;1;0;0.021230658;0.465666667;0
1;21;1.925234023;0;1;0;1;0;0;0;0;1;0;0;0;0;0.135164467;0.515;0
1;20;1.355611874;0;1;0;1;0;0;0;0;0;0;0;0;1;0.113976758;0.61;0
1;22;1.599065743;0;1;0;1;0;0;0;0;0;0;1;0;0;-0.093252054;0.417865009;0
1;14.264;1.615249185;0;1;0;1;0;0;0;0;0;0;1;0;0;0.069335035;0.6;0
1;17.3;1.576104865;0;1;0;1;0;0;1;0;0;0;0;0;0;0.169556882;0.413842875;0
1;23.7;2.267101072;0;1;0;0;0;0;0;0;1;0;0;0;0;-0.259558355;0.4596;0
1;24.5;2.190745258;0;0;0;0;0;0;0;0;1;0;0;0;0;-0.584859648;0.27475;0
1;35;0.816581271;1;0;0;1;0;0;0;0;0;0;0;1;0;-0.20059052;0.7869;1
1;47.6;0.224463604;0;1;0;1;0;0;1;0;0;0;0;0;0;0.829310207;0.503;0
1;33.66;1.244092072;1;0;0;1;0;0;1;0;0;0;0;0;0;0.574042849;0.7305;0
1;10;1.224572509;1;0;0;1;0;0;0;0;1;0;0;0;0;0.39795738;0.7992;0
1;30;1.546258049;1;0;0;0;1;0;0;0;0;0;0;1;0;0.694028682;0.672222222;0
1;25.8;1.297351264;1;0;0;0;1;0;0;0;0;0;0;1;0;0.602070849;0.705333333;0
1;40;1.291942794;1;0;0;0;1;0;0;0;0;0;1;0;0;0.778158489;0.7845;0
1;20.8;1.02542365;1;0;0;0;1;0;0;0;0;0;1;0;0;0.602070849;0.75075;0
1;30.276;1.341785227;1;0;0;0;1;0;1;0;0;0;0;0;0;0.569775632;0.744857143;0
1;30;1.308669024;1;0;0;0;1;0;1;0;0;0;0;0;0;0.512341912;0.7513;0
1;27.6;1.252071282;1;0;1;0;0;0;1;0;0;0;0;0;0;0.544080453;0.746264122;0
1;14;1.342247913;1;0;0;1;0;0;1;0;0;0;0;0;0;0.562304763;0.748;0
1;30;1.739152654;1;0;0;0;1;0;1;0;0;0;0;0;0;0.839065135;0.815;0
1;28;1.706272238;1;0;0;1;0;0;1;0;0;0;0;0;0;0.812920038;0.7651;0
1;19.2;1.991999894;1;0;0;0;1;0;1;0;0;0;0;0;0;0.643462547;0.851;0
1;28;2.025479567;1;0;0;1;0;0;1;0;0;0;0;0;0;0.602070849;0.668;0
1;43.5;1.297351264;1;0;0;0;1;0;0;0;0;0;1;0;0;-0.045709238;0.8555;1
1;21.8;1.421752174;1;0;0;1;0;0;0;0;0;0;0;1;0;4.34E-05;0.778375;1
1;30;1.201839429;1;0;0;1;0;0;0;0;0;0;0;1;0;0.146159056;0.8405;1
1;15;1.361215752;1;0;0;0;1;0;0;0;0;0;1;0;0;0.041432165;0.81016;1
1;22.9;0.635452571;1;0;0;0;0;0;1;0;0;0;0;0;0;-0.154839922;0.54;1
1;7.9;1.139879086;1;0;0;0;0;0;0;0;0;0;0;1;0;-0.925000814;0.482333333;0
1;16.65;2.314219189;0;1;0;1;0;0;0;0;0;0;1;0;0;0.108091236;0.426;1
1;8.15;2.02542365;0;1;0;0;1;0;1;0;0;0;0;0;0;0.112554733;0.763;1
1;32;1.406527584;1;0;0;1;0;0;1;0;0;0;0;0;0;0.342442421;0.713571429;1
1;7.7;1.474873478;0;1;0;1;0;0;1;0;0;0;0;0;0;-0.742801574;0.75;0
1;16.8;1.141988351;0;1;0;1;0;0;0;0;0;0;1;0;0;-0.823619308;0.687;0
1;19.37;1.509915782;0;1;0;0;1;0;1;0;0;0;0;0;0;-0.70863115;0.845;0
1;20;1.717911527;0;1;0;1;0;0;1;0;0;0;0;0;0;-0.522734005;0.651;0
1;5.6;0.876965093;1;0;0;0;0;0;0;0;0;0;0;1;0;-0.221776373;0.6969;0
1;15.4;1.689821845;0;0;0;0;0;0;1;0;0;0;0;0;0;0.041432165;0.62;0
1;16.1;1.675167053;0;0;0;1;0;0;0;0;0;0;0;1;0;-0.019951155;0.708625;0
1;10.6;1.769533042;0;0;0;1;0;0;1;0;0;0;0;0;0;0.090116911;0.665;0
1;23;1.538147565;0;0;0;1;0;0;0;0;1;0;0;0;0;-0.221776373;0.94;0
1;31;1.537307011;0;1;0;0;1;0;0;0;0;0;1;0;0;0.788175444;0.61;0
1;22.3;0.844163257;0;1;0;0;1;0;0;0;0;0;0;1;0;-0.310602337;0.736;0
1;11.8;0.937517892;1;0;0;0;1;0;1;0;0;0;0;0;0;-0.275642196;0.505;0
1;20;0.843233775;1;0;0;1;0;0;0;0;0;0;0;1;0;-0.292344676;0.8804;1
1;18.5;1.605489347;0;1;0;1;0;0;0;0;0;0;0;1;0;0.342442421;0.6275;0
1;27.4;1.800885762;0;1;0;0;1;0;1;0;0;0;0;0;0;0.177276711;0.560411779;0
1;30;1.363718622;0;1;0;1;0;0;0;0;1;0;0;0;0;0.15839265;0.777736842;0
1;31.25;1.796944182;0;1;1;0;0;0;0;0;1;0;0;0;0;0.174960623;0.649125;0
1;32.25;1.488230953;0;1;0;1;0;0;0;0;1;0;0;0;0;-0.055467979;0.824;0
1;25.6;1.314219189;0;1;1;0;0;0;1;0;0;0;0;0;0;0.269536293;0.755;0
1;23.5;1.970636843;0;1;0;1;0;0;0;0;0;0;0;1;0;0.269536293;0.618;0
1;5.8;1.936482567;0;1;0;0;0;0;1;0;0;0;0;0;0;0.361746718;0.6;1
1;9.9;1.770151145;0;1;0;1;0;0;0;0;0;0;1;0;0;0.176120211;0.6;0
1;12;1.564417519;0;1;0;0;0;0;0;0;1;0;0;0;0;-0.011485634;0.618;0
1;23.5;1.75009679;0;1;0;1;0;0;0;0;1;0;0;0;0;-0.011485634;0.58;0
1;22.4;1.819369167;0;1;0;1;0;0;1;0;0;0;0;0;0;-0.292344676;0.6555;0
1;23.564;1.422393292;0;1;0;1;0;0;1;0;0;0;0;0;0;-0.011485634;0.470653598;0
1;6.16;1.981894458;0;1;0;0;1;0;1;0;0;0;0;0;0;-0.011485634;0.56;0
1;18.9;1.406973242;0;1;0;0;0;0;0;0;0;0;0;1;0;-0.221776373;0.763333333;0
1;6.35;2.268461699;0;1;0;1;0;0;0;0;1;0;0;0;0;-0.011485634;0.574666667;0
1;29.4;1.603085517;0;1;0;1;0;0;0;0;1;0;0;0;0;0.047962443;0.511900198;1
1;15;-1.207283027;0;0;0;0;1;0;1;0;0;0;0;0;0;-0.045709238;0.883333333;1
1;7;-1.70697011;0;0;0;0;0;0;1;0;0;0;0;0;0;-0.083493413;0.85;1
1;17.1;1.613176176;1;0;0;0;1;0;0;0;0;0;0;1;0;0.30105171;0.720666667;0
1;19.6;0.553895962;1;0;0;1;0;0;1;0;0;0;0;0;0;-0.070529984;0.71575;0
1;22.9;-0.229848855;1;0;0;0;1;0;0;0;0;0;1;0;0;-0.113452877;0.6;0
1;25;1.531293286;0;1;0;1;0;0;0;0;1;0;0;0;0;0.301774895;0.608861215;0
1;18.8;1.819369167;0;1;0;1;0;0;0;0;0;0;0;1;0;-0.267525823;0.6695;0
1;20;1.142946591;0;1;0;1;0;0;1;0;0;0;0;0;0;-0.298777516;0.676666667;0
1;25;1.86636573;0;1;0;0;1;0;1;0;0;0;0;0;0;-0.124880835;0.74;0
1;6.8;2.044308994;0;1;1;0;0;0;0;0;0;0;1;0;0;-0.070529984;0.702898141;0
1;20;1.46487587;0;1;0;0;1;0;0;0;1;0;0;0;0;-0.470313046;0.775286989;0
1;24.9;1.448365928;0;1;1;0;0;0;1;0;0;0;0;0;0;-0.233512794;0.702898141;0
1;16.4;1.25027791;0;1;0;0;0;0;0;0;0;0;1;0;0;-0.124880835;0.82;0
1;8;0.693855587;0;1;0;1;0;0;1;0;0;0;0;0;0;-0.425852936;0.84;0
1;20;1.505132678;0;1;0;0;1;0;1;0;0;0;0;0;0;-0.134639356;0.685302188;0
1;16.5;1.586944631;0;1;0;1;0;0;1;0;0;0;0;0;0;-0.070529984;0.643333333;0
1;16;1.751818772;0;1;0;0;1;0;0;0;0;0;1;0;0;0.102124856;0.76;0
1;14.4;1.692703612;0;1;0;0;0;0;1;0;0;0;0;0;0;0.041432165;0.72043635;0
1;20;1.137488894;0;1;0;0;1;0;1;0;0;0;0;0;0;-0.191181575;0.709766667;0
1;13.8;1.651440676;0;1;0;1;0;0;1;0;0;0;0;0;0;-0.09685573;0.6725;0
1;40;1.448450132;1;0;0;0;1;0;0;0;0;0;0;1;0;0.334976199;0.6108;0
1;40;1.029027774;1;0;0;0;1;0;1;0;0;0;0;0;0;0.414990051;0.4926;0
1;11.2;2.213544531;0;1;0;1;0;0;1;0;0;0;0;0;0;0.623259631;0.710571429;1
1;15.2;1.215876895;0;1;0;0;0;0;0;0;1;0;0;0;0;-0.346690987;0.61;0
1;18.54;1.478160239;0;1;0;1;0;0;0;0;1;0;0;0;0;-0.664007501;0.576583333;0
1;20.4;1.882995975;0;1;0;0;1;0;0;0;1;0;0;0;0;-0.279757982;0.664;0
1;25;1.246836246;0;1;0;0;1;0;0;0;1;0;0;0;0;-0.285586408;0.624485758;0
1;35;1.323228107;0;1;0;1;0;0;0;0;0;0;0;1;0;-0.452717692;0.691;0
1;14.1;1.365524875;0;1;0;1;0;0;0;0;1;0;0;0;0;-0.698752911;0.735;0
1;16.8;1.906485555;0;1;0;1;0;0;0;0;1;0;0;0;0;-0.346690987;0.7075;0
1;18;1.610570922;0;1;0;0;1;0;1;0;0;0;0;0;0;-0.232769902;0.6;0
1;30;1.516179573;0;1;0;0;1;0;0;0;0;0;0;1;0;-0.32321497;0.586;0
1;23;1.178885179;0;1;0;1;0;0;1;0;0;0;0;0;0;-0.659853449;0.640666667;0
1;15.8;1.578587199;0;1;0;1;0;0;1;0;0;0;0;0;0;-0.187019834;0.5695;0
1;20;1.453949645;0;1;0;1;0;0;0;0;1;0;0;0;0;-0.258900951;0.690909091;0
1;21.6;1.533119518;0;1;0;1;0;0;0;0;0;0;0;1;0;-0.823619308;0.61125;0
1;20;0.328659718;0;0;0;1;0;0;1;0;0;0;0;0;0;-0.193752173;0.806166667;1
1;24.47;3.30639092;0;1;0;0;0;0;1;0;0;0;0;0;0;0.371086342;0.277440642;0
1;25;3.395549348;0;1;0;0;0;0;0;0;0;0;1;0;0;-0.545002783;0.372333333;0
1;20;3.099571625;0;1;0;0;0;0;0;0;0;0;0;1;0;-0.603626272;0.402923077;0
1;19;3.099209864;0;1;0;0;0;0;0;0;0;0;0;1;0;-0.172178572;0.228;0
1;30;1.469410043;1;0;0;1;0;0;0;0;0;0;0;1;0;0.551462197;0.494;1
1;35;1.406848276;1;0;0;1;0;0;0;0;0;0;0;1;0;0.452312999;0.467139405;1
1;28;1.312457763;1;0;0;0;1;0;1;0;0;0;0;0;0;-0.300943145;0.365;1
1;14.2;1.215834658;0;1;0;0;0;0;0;0;1;0;0;0;0;-0.022230682;0.696;0
1;25.7142;1.342247913;1;0;0;0;1;0;0;0;0;0;1;0;0;0.123884293;0.7275;1
1;31.5;1.76651686;1;0;0;1;0;0;1;0;0;0;0;0;0;0.278013909;0.648;1
1;8;1.569491694;0;1;0;0;0;0;1;0;0;0;0;0;0;-0.300943145;0.28;0
1;12.4;2.021383672;0;1;0;1;0;0;1;0;0;0;0;0;0;-0.259558355;0.28;0
1;19;1.186569734;0;1;0;1;0;0;1;0;0;0;0;0;0;-0.346690987;0.28;0
1;8;1.991565383;0;1;0;0;0;0;0;0;1;0;0;0;0;-0.346690987;0.28;0
1;8;1.502410842;0;1;0;0;0;0;0;0;1;0;0;0;0;-0.346690987;0.28;0
1;21.7;1.03339258;0;1;0;0;1;0;0;0;0;0;0;1;0;-0.229074385;0.763719167;0
1;18;1.743676843;0;1;0;1;0;0;0;0;1;0;0;0;0;0.471844009;0.75;0
1;21;-0.458996844;0;0;0;1;0;0;1;0;0;0;0;0;0;-0.221776373;0.6;1
1;9;0.693049525;0;1;0;1;0;0;1;0;0;0;0;0;0;-0.09685573;0.69;0
1;7.6;1.230045998;0;1;0;1;0;0;1;0;0;0;0;0;0;-0.09685573;0.79;0
1;13.2;1.712514605;0;1;0;1;0;0;0;0;0;0;1;0;0;0.278776458;0.576494112;0
1;24.7;1.599453259;0;1;0;0;1;0;0;0;0;0;0;1;0;0.177084175;0.7024;0
1;17.424;1.20948819;0;1;0;0;1;0;1;0;0;0;0;0;0;0.287824116;0.707;0
1;30.6;1.720234836;0;1;0;0;1;0;0;0;1;0;0;0;0;0.16823223;0.770333333;0
1;17.8;0.791241953;0;1;0;1;0;0;1;0;0;0;0;0;0;-0.192622844;0.6922;0
1;22;1.537100744;0;1;0;0;1;0;1;0;0;0;0;0;0;0.022057021;0.6875;0
1;29.4;1.316947949;0;1;1;0;0;0;1;0;0;0;0;0;0;0.305372869;0.667761976;0
1;20.8;1.132576012;0;1;0;0;1;0;0;0;0;0;1;0;0;4.34E-05;0.57;0
1;29.2;1.344182412;0;1;1;0;0;0;0;0;0;0;1;0;0;0.110623375;0.85;0
1;19.2;1.122333663;0;1;1;0;0;0;0;0;0;0;1;0;0;0.120524577;0.550542857;0
1;24;1.435262882;0;1;0;0;1;0;0;0;1;0;0;0;0;0.120524577;0.471;0
1;9.4;1.569491694;0;1;0;0;0;0;1;0;0;0;0;0;0;0.041432165;0.7;0
1;20;1.770151145;0;1;0;0;0;0;1;0;0;0;0;0;0;0.041432165;0.416666667;0
1;12.7;1.453798452;0;1;0;0;1;0;1;0;0;0;0;0;0;0.196203829;0.65;0
1;18.75;1.919995124;0;1;0;0;1;0;0;0;0;0;0;1;0;0.196203829;0.513472834;0
1;19.4;1.208978517;0;1;0;0;1;0;0;0;0;0;0;1;0;0.091702122;0.626;0
1;37.5;1.476624903;0;1;0;0;1;0;0;0;1;0;0;0;0;0.230474467;0.591153846;0
1;21.755;1.477348491;1;0;0;1;0;0;1;0;0;0;0;0;0;-0.881569923;0.4225;0
1;22;1.439065767;0;1;0;0;0;0;1;0;0;0;0;0;0;-0.115336775;0.558123259;0
1;20;1.87052169;0;1;0;0;0;0;1;0;0;0;0;0;0;-0.086486374;0.83;0
1;19.6;1.326453646;0;1;0;0;1;0;0;0;0;0;0;1;0;-0.086486374;0.667857143;0
1;12;1.86357283;0;1;0;1;0;0;1;0;0;0;0;0;0;-0.086486374;0.667857143;0
1;15;2.173761452;0;1;0;1;0;0;0;0;1;0;0;0;0;4.34E-05;0.678;0
1;22.9;2.072750201;0;1;0;0;1;0;0;0;0;0;1;0;0;-0.108964585;0.568;0
1;12;0.604783751;0;1;0;0;0;0;0;0;0;0;0;1;0;0.041432165;0.398333333;1
1;12;1.548302395;0;1;0;1;0;0;0;0;0;0;1;0;0;0.146159056;0.6;1
1;12;1.259562703;0;1;0;1;0;0;1;0;0;0;0;0;0;0.113976758;0.5425;1
1;28.6;1.139819325;0;1;0;0;1;0;0;0;0;0;0;1;0;0.176120211;0.656514491;1
1;30.3;0.919738908;0;1;1;0;0;0;1;0;0;0;0;0;0;0.19384782;0.6555;1
1;25;1.616090237;0;1;0;1;0;0;0;0;1;0;0;0;0;-0.001292396;0.505333333;0
1;30;0.86357283;1;0;0;1;0;0;1;0;0;0;0;0;0;-0.300943145;0.755428571;0
1;20.15;1.269609109;0;1;0;1;0;0;1;0;0;0;0;0;0;0.025346835;0.7032;0
1;14.8;2.015663813;1;0;0;1;0;0;1;0;0;0;0;0;0;-0.055467979;0.676666667;0
1;9.7;1.147335932;0;1;0;1;0;0;0;0;0;0;1;0;0;-0.001292396;0.88;0
1;14.6;1.894274815;0;1;0;1;0;0;0;0;0;0;1;0;0;-0.031470356;0.5025;0
1;11.2;2.100508395;0;1;0;1;0;0;0;0;0;0;0;1;0;-0.001292396;0.39;0
1;19.2;1.910266889;0;1;0;1;0;0;0;0;0;0;0;1;0;-0.057942316;0.476969929;0
1;30;1.758908229;0;1;0;0;0;0;0;0;0;0;1;0;0;-0.124880835;0.48;0
1;13.5;1.800885762;0;1;0;0;1;0;1;0;0;0;0;0;0;4.34E-05;0.46;0
1;21.75;1.485148556;0;1;1;0;0;0;1;0;0;0;0;0;0;0.015820634;0.486804323;0
1;16;2.441284505;0;1;0;1;0;0;0;0;0;0;1;0;0;0.176120211;0.417712721;0
1;26;1.571783491;1;0;0;0;0;0;0;0;0;0;0;1;0;0.113976758;0.618285714;0
1;16.4;0.892367023;0;1;1;0;0;0;1;0;0;0;0;0;0;-0.455807889;0.575;0
1;12.36;2.079781312;0;1;0;0;1;0;0;0;0;0;0;1;0;-0.221776373;0.726666667;0
1;14.5;1.384696848;0;1;0;0;1;0;0;0;0;0;0;1;0;-0.346690987;0.7525;0
1;9.4;1.652232751;0;1;0;1;0;0;1;0;0;0;0;0;0;-0.193752173;0.88;0
1;8;1.724795593;0;1;0;1;0;0;0;0;0;0;0;1;0;0.496251398;0.772666667;0
1;28;1.714633817;1;0;0;0;1;0;0;1;0;0;0;0;0;0.845104244;0.51;0
1;29.9;1.502356168;0;1;0;1;0;0;1;0;0;0;0;0;0;0.230474467;0.53737794;0
1;17.835;1.552017324;0;1;0;0;1;0;1;0;0;0;0;0;0;0.337678849;0.5425;0
1;12;2.092783856;0;1;0;1;0;0;0;0;0;0;0;1;0;-0.102317938;0.599666667;0
1;5.9;2.133763125;0;1;1;0;0;0;0;0;0;0;0;1;0;0.171170435;0.585519607;0
1;16;1.230843338;1;0;0;1;0;0;0;0;1;0;0;0;0;-0.022230682;0.6;0
1;14.4;1.731339866;0;1;0;1;0;0;0;0;1;0;0;0;0;0.903095416;0.5185;1
1;27;1.635452571;0;0;0;0;0;0;1;0;0;0;0;0;0;-0.267525823;0.49;0
1;32.2;1.50834506;0;0;0;0;0;0;0;0;0;0;1;0;0;-0.24328784;0.384373862;0
1;15;1.934007947;0;0;0;0;0;0;0;1;0;0;0;0;0;4.34E-05;0.510322109;0
1;21.4;2.334422575;0;0;0;0;0;0;1;0;0;0;0;0;0;-0.24328784;0.45;0
1;22.2;1.849332391;0;0;0;0;0;0;0;0;0;0;1;0;0;-0.154839922;0.510322109;0
1;18.2;1.781580607;0;0;0;0;0;0;0;0;0;0;0;1;0;-0.481354476;0.485666667;0
1;30;1.360792658;0;1;0;0;1;0;0;0;0;0;0;1;0;0.349879487;0.548666667;0
1;35;1.569965025;0;1;0;0;1;0;1;0;0;0;0;0;0;0.361260921;0.563170287;0
1;35;1.525983669;0;1;0;0;1;0;1;0;0;0;0;0;0;0.20477997;0.645;0
1;30;1.180422109;0;1;0;0;1;0;0;0;0;0;1;0;0;0.659069594;0.597667733;0
1;21.2;1.10453787;0;1;0;0;0;0;0;0;0;0;1;0;0;0.051191125;0.558;1
1;24.4;1.860111676;0;1;0;1;0;0;0;0;1;0;0;0;0;0.181872159;0.605833333;1
1;19.3;1.591052868;0;1;0;1;0;0;1;0;0;0;0;0;0;0.15839265;0.6050625;1
1;21.2;2.060742187;0;1;0;0;1;0;0;0;0;0;1;0;0;0.107583031;0.622;1
1;23.6;1.247272399;0;1;0;0;1;0;0;0;1;0;0;0;0;0.155366407;0.691;1
1;10.8;1.098190792;0;1;0;1;0;0;0;0;0;0;1;0;0;-0.045709238;0.626257314;1
1;22.8;1.953688582;0;1;0;1;0;0;0;0;0;0;0;1;0;0.033162296;0.661355556;1
1;16;1.320787095;0;1;0;0;1;0;0;0;0;0;1;0;0;4.34E-05;0.628;1
1;10;1.950882175;0;1;0;0;0;0;0;0;1;0;0;0;0;-0.380107024;0.640571429;0
1;12.75;0.729192537;1;0;0;1;0;0;1;0;0;0;0;0;0;-1.347753659;0.1998;1
1;24.97;1.253771992;1;0;0;0;1;0;1;0;0;0;0;0;0;-1.393618635;0.18;1
1;13.773;1.051795222;1;0;1;0;0;0;0;0;1;0;0;0;0;-1.442492798;0.173;1
1;4.7;0.879279529;1;0;0;0;1;0;0;0;0;0;1;0;0;-1.402963335;0.1998;1
1;26.544;1.139356875;1;0;0;0;1;0;0;0;0;0;0;1;0;-1.354086725;0.204;1
1;18.8;1.819918151;1;0;0;1;0;0;0;0;0;0;0;1;0;0.311775046;0.6095;1
1;25;1.003781725;1;0;0;1;0;0;0;0;0;0;1;0;0;0.338476415;0.6;1
1;28;1.24246114;1;0;0;1;0;0;1;0;0;0;0;0;0;0.338476415;0.620666667;1
1;11.6;2.005322549;1;0;0;1;0;0;0;0;0;0;1;0;0;0.338476415;0.443837648;1
1;20;0.602705343;1;0;0;1;0;0;1;0;0;0;0;0;0;0.079217436;0.874333333;1
1;10.8;1.115851535;1;0;0;1;0;0;0;0;0;0;1;0;0;0.1602734;0.9188;1
1;16.6;0.561607862;1;0;0;1;0;0;0;0;0;0;0;1;0;0.1602734;0.683333333;1
1;16;0.534974623;1;0;0;1;0;0;1;0;0;0;0;0;0;0.278776458;0.753625;1
1;25;-0.101665064;1;0;0;1;0;0;1;0;0;0;0;0;0;0.049256797;0.741333333;1
1;21.5;-0.180630833;1;0;0;0;1;0;1;0;0;0;0;0;0;-0.022230682;0.5955;1
1;18;1.232549143;0;1;0;1;0;0;0;0;0;0;1;0;0;0.049256797;0.52;0
1;12.591;1.664157987;0;1;0;0;1;0;1;0;0;0;0;0;0;-0.229074385;0.446333333;0
1;9;1.382051391;0;1;0;1;0;0;1;0;0;0;0;0;0;-0.067983094;0.46475;0
1;10;1.830848985;0;1;0;0;1;0;0;1;0;0;0;0;0;-0.067983094;0.46475;0
1;21;1.520175094;1;0;0;1;0;0;1;0;0;0;0;0;0;-0.193074223;0.685;0
1;18.724;0.98322597;1;0;0;1;0;0;1;0;0;0;0;0;0;-0.193074223;0.83;0
1;15;1.94041286;0;1;0;1;0;0;0;0;0;0;0;1;0;-0.292344676;0.4667;0
1;7;1.988336412;0;1;0;0;1;0;0;1;0;0;0;0;0;-0.292344676;0.435455556;0
1;30;1.384247931;1;0;0;1;0;0;0;0;0;0;0;1;0;-0.076963331;0.681857143;1
1;25.196;0.653763293;1;0;0;0;1;0;0;0;1;0;0;0;0;-1.321481621;0.160333333;1
1;18.2;0.673241132;1;0;0;1;0;0;0;0;0;0;0;1;0;-0.154839922;0.621;1
1;21.2;0.724393654;0;1;0;1;0;0;0;0;0;0;0;1;0;0.125513796;0.52541704;1
1;20.8;1.343594824;0;1;1;0;0;0;0;0;0;0;0;1;0;0.248406527;0.755;0
1;12.7;2.125445547;0;1;0;1;0;0;0;0;0;0;0;1;0;0.312480608;0.625;0
1;15;1.146652063;0;1;0;1;0;0;0;0;1;0;0;0;0;0.173215415;0.6915;0
1;30;1.309343631;0;1;0;0;1;0;0;0;0;0;0;1;0;0.286329202;0.725;0
1;20.1;1.614295966;0;1;0;1;0;0;0;0;0;0;0;1;0;0.378870098;0.906545455;1
1;12.8;0.881114763;1;0;0;1;0;0;0;0;0;0;0;1;0;0.483601559;0.6;1
1;18;1.283326878;0;1;0;0;1;0;1;0;0;0;0;0;0;-0.485762252;0.636666667;0
1;24.45;1.714633817;0;1;0;1;0;0;0;0;0;0;1;0;0;0.380229337;0.6;0
1;23;1.450070114;0;1;0;0;1;0;1;0;0;0;0;0;0;0.273024434;0.8045;0
1;28.6;2.145181069;0;1;0;0;1;0;0;0;0;0;0;1;0;0.22739817;0.655853094;0
1;18.8;1.344182412;0;1;0;1;0;0;0;0;0;0;1;0;0;0.146159056;0.91;0
1;17;1.718421442;0;1;0;1;0;0;1;0;0;0;0;0;0;0.113976758;0.741166667;0
1;11.2;1.890725076;0;1;0;0;1;0;1;0;0;0;0;0;0;0.39795738;0.548;0
1;22.952;1.769469232;0;1;0;0;1;0;0;0;0;0;0;1;0;0.27186483;0.55051847;0
1;30;-0.481660828;0;1;0;1;0;0;0;0;0;0;0;1;0;0.091115681;0.427615385;1
1;12.2;0.667191451;0;1;0;1;0;0;1;0;0;0;0;0;0;4.34E-05;0.5438;1
1;16.6;1.301630062;1;0;0;0;0;0;1;0;0;0;0;0;0;-0.221776373;0.785333333;0
1;25;1.370373566;1;0;0;1;0;0;1;0;0;0;0;0;0;0.252270346;0.40152;1
1;16.7;1.653765269;1;0;0;1;0;0;0;0;0;0;0;1;0;-0.259558355;0.4586;1
1;31.2;1.957201595;1;0;0;1;0;0;1;0;0;0;0;0;0;-0.104522204;0.46;1
1;30;1.862110906;1;0;0;1;0;0;0;1;0;0;0;0;0;0.021230658;0.390160201;1
1;10;1.768555805;1;0;0;1;0;0;1;0;0;0;0;0;0;-0.103694293;0.44375;1
1;29.5;1.615483919;0;0;0;1;0;0;0;0;0;0;0;1;0;0.027390385;0.3125;1
1;24.5;1.84051538;0;0;0;1;0;0;0;0;0;0;0;1;0;0.130365937;0.396666667;1
1;10.9;1.282034506;0;1;0;0;1;0;1;0;0;0;0;0;0;-0.101658834;0.968;0
1;6.8;1.271758067;0;1;0;1;0;0;0;0;0;0;0;1;0;-0.101658834;0.67;0
1;8.8;1.319665281;0;1;0;1;0;0;1;0;0;0;0;0;0;-0.09685573;1;0
1;11.3;0.45629068;0;1;0;0;1;0;1;0;0;0;0;0;0;-0.101658834;0.7288125;0
1;13.3;1.64593563;0;1;0;0;1;0;1;0;0;0;0;0;0;-0.101658834;0.7288125;0
1;7.5;1.540389313;0;1;0;1;0;0;0;0;0;0;0;1;0;-0.101658834;0.63;0
1;12.4;1.334612044;0;1;0;1;0;0;0;0;0;0;0;1;0;-0.022230682;0.6475;0
1;10;0.967155873;0;1;0;1;0;0;1;0;0;0;0;0;0;-0.101658834;0.7288125;0
1;11;1.630728696;0;1;0;0;1;0;1;0;0;0;0;0;0;0.079217436;0.877;0
1;9.9;0.738737855;0;0;0;0;0;0;1;0;0;0;0;0;0;-1.396855627;0.64;0
1;31.6;1.658093385;0;1;0;1;0;0;0;0;0;0;0;1;0;0.361746718;0.9128;0
1;11.2;1.309436391;0;0;0;0;1;0;1;0;0;0;0;0;0;-0.227238353;0.85;1
1;14.7;1.563729305;0;0;0;0;1;0;0;0;0;0;0;1;0;-0.080869586;0.694244129;0
1;22.8;1.796480083;0;0;0;0;1;0;1;0;0;0;0;0;0;-0.045709238;0.964;0
1;18.8;1.440675303;0;1;0;0;1;0;0;0;0;0;1;0;0;0.194542091;0.76;0
1;14.4;1.425811093;0;1;0;0;1;0;1;0;0;0;0;0;0;-0.089856039;0.724835532;0
1;9;1.099503818;0;1;0;0;1;0;1;0;0;0;0;0;0;0.147342098;0.794;0
1;17.4;1.349648927;0;1;0;0;1;0;0;0;0;0;1;0;0;0.147342098;0.740765599;0
1;14.6;1.583938033;0;1;0;1;0;0;0;0;0;0;1;0;0;-0.138704606;0.68570477;0
1;27.93;1.248283103;0;1;0;0;1;0;1;0;0;0;0;0;0;0.276254948;0.72;0
1;15;1.363603364;0;1;0;0;1;0;1;0;0;0;0;0;0;0.060735603;0.718;0
1;18.8;1.328712577;0;1;1;0;0;0;0;0;0;0;1;0;0;0.021230658;0.605485539;0
1;17.4;1.266157744;0;1;0;0;1;0;0;0;0;0;1;0;0;0.147342098;0.740765599;0
1;10.4;1.098513757;0;1;0;1;0;0;1;0;0;0;0;0;0;0.190359716;0.91;0
1;14.35;1.074210611;0;1;1;0;0;0;0;0;0;0;1;0;0;0.147342098;0.740765599;0
1;21.2;1.397898089;0;1;0;0;1;0;1;0;0;0;0;0;0;0.204147125;0.65;0
1;20;1.129512247;0;1;1;0;0;0;0;0;0;0;1;0;0;0.147342098;0.740765599;0
1;20;1.08821448;0;1;0;1;0;0;0;0;0;0;1;0;0;0.147342098;0.740765599;0
1;12.5;1.289331369;0;1;0;1;0;0;1;0;0;0;0;0;0;0.18377267;0.825666667;0
1;17.1;1.145291403;0;1;0;0;1;0;0;0;0;0;0;1;0;-0.268733651;0.726;0
1;12;1.178826746;0;1;0;0;1;0;0;0;0;0;1;0;0;0.103837916;0.688721354;0
1;17;1.411924311;0;1;0;1;0;0;0;0;1;0;0;0;0;4.34E-05;0.653166667;0
1;13;1.326011083;0;1;0;1;0;0;1;0;0;0;0;0;0;0.123884293;0.67;0
1;16;0.891273082;0;1;0;0;1;0;0;0;0;0;1;0;0;0.176120211;0.740765599;0
1;21.25;0.821368002;0;1;0;0;1;0;0;0;0;0;1;0;0;-0.087193607;0.726;0
1;16.2;0.98944453;0;1;0;1;0;0;1;0;0;0;0;0;0;0.147342098;0.699;0
1;18.6;1.045959191;0;1;0;0;1;0;1;0;0;0;0;0;0;0.046924174;0.727714286;0
1;14.3;1.163726348;0;1;0;0;1;0;0;0;0;0;1;0;0;0.147342098;0.740765599;0
1;12;1.029266989;0;1;0;0;1;0;0;0;1;0;0;0;0;-0.208239196;0.8535;0
1;10.3;1.000600066;0;1;0;0;1;0;0;0;0;0;1;0;0;0.147342098;0.740765599;0
1;14.4;1.290307032;0;1;1;0;0;0;0;0;0;0;1;0;0;0.147342098;0.98;0
1;18.8;1.481114264;0;1;0;0;1;0;0;0;0;0;1;0;0;0.371086342;0.740765599;0
1;14.8;1.645983802;0;1;0;0;1;0;0;0;0;0;1;0;0;0.342442421;0.740765599;0
1;30;1.556863141;0;1;1;0;0;0;0;0;0;0;1;0;0;0.36363078;0.92;0
1;12.5;1.012153926;0;1;0;1;0;0;1;0;0;0;0;0;0;0.27186483;0.755;0
1;15;1.765786339;0;1;0;0;1;0;1;0;0;0;0;0;0;0.230474467;0.77;0
1;13.1;0.220400253;0;1;0;0;1;0;1;0;0;0;0;0;0;0.147342098;0.740765599;0
1;14.9;1.142142056;0;1;0;0;1;0;1;0;0;0;0;0;0;0.469836738;0.740765599;0
1;9.5;1.834477804;0;1;0;0;1;0;1;0;0;0;0;0;0;0.204147125;0.586199948;0
1;10.8;0.93524702;0;1;0;0;1;0;0;0;0;0;1;0;0;0.147342098;0.740765599;0
1;16.8;0.907726834;0;1;0;1;0;0;1;0;0;0;0;0;0;4.34E-05;0.81;0
1;17.9;1.219940008;0;1;0;0;1;0;1;0;0;0;0;0;0;0.277517533;0.687008362;0
1;26.2;1.327176867;0;1;1;0;0;0;0;0;0;0;1;0;0;0.147342098;0.740765599;0
1;10.6;0.961230113;0;1;0;0;1;0;0;0;1;0;0;0;0;0.147342098;0.740765599;0
1;20.3;0.738125895;0;1;0;1;0;0;1;0;0;0;0;0;0;0.22013425;0.755;0
1;20;0.753777432;0;1;0;0;1;0;1;0;0;0;0;0;0;-0.180390267;0.6;0
1;10;0.664790223;0;1;0;0;1;0;1;0;0;0;0;0;0;-0.119129267;0.6;0
1;29.68;0.670457571;0;1;0;0;1;0;0;1;0;0;0;0;0;0.079217436;0.87;0
1;10.4;0.68566823;0;1;0;0;1;0;1;0;0;0;0;0;0;-0.180390267;0.612433333;0
1;17;0.817469288;0;1;0;0;1;0;1;0;0;0;0;0;0;0.147342098;0.740765599;0
1;16.7;1.25688852;0;1;0;1;0;0;1;0;0;0;0;0;0;0.147342098;0.77;0
1;18.4;0.900219024;0;1;1;0;0;0;0;0;0;0;1;0;0;0.147342098;0.740765599;0
1;15.8622;0.875036404;0;1;0;0;1;0;0;0;0;0;0;1;0;-0.156082362;0.726;0
1;17.5;0.850055612;0;1;0;0;1;0;0;0;0;0;1;0;0;-0.040910886;1.02;0
1;25;1.237065043;0;1;0;0;1;0;0;0;0;0;1;0;0;0.447173542;0.75;0
1;16;1.310063229;0;1;0;0;1;0;1;0;0;0;0;0;0;0.147342098;0.740765599;0
1;12;0.826681444;0;1;0;1;0;0;1;0;0;0;0;0;0;0.204147125;0.7945;0
1;17.307;0.873003925;0;1;0;0;1;0;1;0;0;0;0;0;0;0.020816887;0.740765599;0
1;12;1.055295715;0;1;0;0;1;0;1;0;0;0;0;0;0;0.041432165;1.19;0
1;24;1.095803615;0;1;0;0;1;0;0;0;0;0;1;0;0;0.414990051;0.57370203;1
1;12.1;1.326453646;0;1;0;0;1;0;0;0;0;0;1;0;0;0.37476667;0.588772008;1
1;22;2.163323609;0;1;0;0;1;0;1;0;0;0;0;0;0;0.0352696;0.398571429;1
1;18.65;0.743894582;0;1;0;0;1;0;1;0;0;0;0;0;0;0.235553696;0.59206;1
1;20;1.633474005;0;1;0;1;0;0;1;0;0;0;0;0;0;-0.300943145;0.926666667;0
1;9.4;1.673241132;0;1;0;0;1;0;1;0;0;0;0;0;0;-0.300943145;0.523;0
1;11.6;1.416881531;0;1;0;0;1;0;1;0;0;0;0;0;0;-0.300943145;0.726554854;0
1;10.2;1.587451925;0;1;0;0;1;0;0;0;0;0;0;1;0;-0.300943145;0.726554854;0
1;20;1.965797054;0;1;1;0;0;0;0;0;0;0;1;0;0;-0.300943145;0.527548536;0
1;38.495;2.147006482;0;1;0;0;0;0;1;0;0;0;0;0;0;-0.563855029;0.323;0
1;17.4;1.777329729;0;1;0;1;0;0;1;0;0;0;0;0;0;-0.563855029;0.52;0
1;23.5;1.719705624;0;1;0;1;0;0;0;0;1;0;0;0;0;-0.563855029;0.4;0
1;28.5;1.368576851;0;1;0;1;0;0;0;0;1;0;0;0;0;-0.920456993;0.36;0
1;22;1.872432359;0;1;0;0;1;0;1;0;0;0;0;0;0;-0.999565923;0.512;0
1;30;2.001167401;0;1;0;1;0;0;0;0;1;0;0;0;0;-0.563855029;0.4725;0
1;33;2.104444098;0;1;0;1;0;0;0;0;0;0;0;1;0;-0.769295686;0.449;0
1;20;2.051941782;0;1;0;1;0;0;1;0;0;0;0;0;0;-0.61960784;0.4675;0
1;27.6;1.694685053;0;1;0;1;0;0;1;0;0;0;0;0;0;-0.795608668;0.42;0
1;15.5;1.825784269;0;1;0;1;0;0;0;0;0;0;1;0;0;-0.795608668;0.6;0
1;40;2.067380403;0;1;0;1;0;0;0;0;1;0;0;0;0;-0.563855029;0.52;0
1;29.8;1.613176176;0;1;0;1;0;0;0;0;0;0;0;1;0;-0.795608668;0.59;0
1;27.5;0.874239742;0;1;0;1;0;0;0;0;0;0;0;1;0;-0.584859648;0.46;0
1;17.5;1.248047538;0;1;0;1;0;0;0;0;1;0;0;0;0;-0.885722703;0.525;0
1;33.6;1.611093225;0;1;0;0;1;0;0;0;0;0;0;1;0;-1.075204004;0.394;0
1;35;1.778751317;0;1;0;1;0;0;0;0;0;0;0;1;0;-0.563855029;0.43;0
1;13.6;1.460347225;0;0;0;0;1;0;1;0;0;0;0;0;0;-0.300943145;0.85;1
1;30;1.645192959;1;0;0;1;0;0;0;0;0;0;0;1;0;-0.154839922;0.524571429;0
1;12.6;1.704584297;0;1;0;0;1;0;0;1;0;0;0;0;0;0.380229337;0.724046451;0
1;16;1.482722752;0;1;0;0;1;0;0;0;0;0;0;1;0;1.014944546;0.805938266;0
1;7.98;2.088770911;0;1;0;0;1;0;0;0;0;0;0;1;0;-0.346690987;0.43;0
1;23.8;1.147335932;0;1;0;0;1;0;0;0;0;0;0;1;0;0.27186483;0.771;0
1;18.7;2.361193198;0;1;0;1;0;0;0;0;1;0;0;0;0;0.649344596;0.643647059;0
1;18.9;1.797933718;0;1;0;0;1;0;1;0;0;0;0;0;0;-0.171705391;0.419312593;0
1;12.8;1.40593638;0;1;0;1;0;0;0;0;0;0;0;1;0;-0.060430831;0.52466;0
1;14.7;1.187318254;0;1;0;1;0;0;1;0;0;0;0;0;0;-0.171705391;0.491359042;0
1;12;1.698120004;0;1;0;1;0;0;1;0;0;0;0;0;0;-0.171705391;0.491359042;0
1;21.5;2.023771802;0;1;0;1;0;0;1;0;0;0;0;0;0;-0.171705391;0.425;0
1;17.4;1.859035033;0;1;0;1;0;0;0;0;0;0;0;1;0;-0.300943145;0.5136;0
1;22.2;1.507511817;0;1;0;1;0;0;0;0;0;0;0;1;0;-0.134244776;0.459067414;0
1;25;2.071079793;0;1;0;1;0;0;1;0;0;0;0;0;0;-0.522734005;0.533;0
1;20;2.060921449;0;1;0;0;1;0;0;0;1;0;0;0;0;0.113976758;0.629677557;1
1;24.1;2.079441097;0;1;0;0;1;0;0;0;1;0;0;0;0;0.367995398;0.623;1
1;16;1.724154201;0;1;0;0;1;0;0;0;1;0;0;0;0;0.148479258;0.614320362;1
1;24;1.548674532;0;1;0;1;0;0;1;0;0;0;0;0;0;-0.146240967;0.503399363;0
1;17;2.217309176;0;1;0;1;0;0;1;0;0;0;0;0;0;-0.070529984;0.54;0
1;24.3;1.393400435;0;1;0;0;1;0;0;0;0;0;0;1;0;-0.187019834;0.638;0
1;25;1.414835863;0;1;0;0;1;0;1;0;0;0;0;0;0;-0.256215948;0.535;0
1;19.6;1.585008205;0;1;0;0;0;0;0;0;0;0;0;1;0;0.346372537;0.53;0
1;18.4;1.574867771;0;1;0;0;0;0;0;0;1;0;0;0;0;-0.530030791;0.508842105;0
1;8.4;1.088909907;0;1;0;1;0;0;1;0;0;0;0;0;0;0.071329587;0.796166667;0
1;15;1.927947781;0;1;0;1;0;0;1;0;0;0;0;0;0;0.060735603;0.745;0
1;18.1;0.97419535;0;0;0;0;0;0;1;0;0;0;0;0;0;-0.366767272;0.681;0
1;9;1.338000595;0;1;0;1;0;0;0;0;0;0;0;1;0;0.752056134;0.610333333;0
1;30;1.807798939;1;0;0;1;0;0;1;0;0;0;0;0;0;0.104976214;0.875;1
1;17.4;1.482800846;1;0;0;1;0;0;1;0;0;0;0;0;0;-0.079129134;0.726;1
1;30;1.493469966;1;0;0;1;0;0;1;0;0;0;0;0;0;-0.008729611;0.898;1
1;31;1.751415901;1;0;0;0;1;0;0;0;1;0;0;0;0;0.144086195;0.846071429;1
1;13.2;1.510676631;1;0;0;1;0;0;0;0;1;0;0;0;0;0.184719815;0.891538462;1
1;35;1.383640598;1;0;0;1;0;0;0;1;0;0;0;0;0;0.161784223;0.877;1
1;25.4;1.716672971;1;0;0;0;1;0;0;0;0;0;0;1;0;0.249630398;0.922230769;1
1;25;1.234209927;1;0;0;1;0;0;1;0;0;0;0;0;0;0.120606831;0.85;1
1;25.7;1.752422378;1;0;0;1;0;0;0;0;0;0;1;0;0;0.147707234;0.879;1
1;13.8;1.634835237;0;1;0;1;0;0;1;0;0;0;0;0;0;-0.508498234;0.475;0
1;25.5;1.506065103;0;1;0;0;1;0;0;0;0;0;0;1;0;-0.339039708;0.665;0
1;25;1.504581113;0;1;0;0;1;0;1;0;0;0;0;0;0;0.146159056;0.7625;0
1;26;1.94051037;0;1;0;1;0;0;0;0;1;0;0;0;0;-0.053007659;0.674769231;0
1;26.4;0.759304212;1;0;0;1;0;0;1;0;0;0;0;0;0;0.113976758;0.835;1
1;13.4;1.900484913;1;0;0;0;0;0;0;0;1;0;0;0;0;0.36737456;0.27625;0
1;18.45;1.350886099;0;1;1;0;0;0;1;0;0;0;0;0;0;0.181014208;0.66;0
1;15;2.000600066;0;1;0;0;1;0;0;0;0;0;1;0;0;-2.508638306;0.595;0
1;20.35;1.897795775;1;0;0;0;1;0;0;0;0;0;0;1;0;0.549934646;0.53;0
1;6;2.132917527;1;0;0;1;0;0;1;0;0;0;0;0;0;0.595231596;0.669;0
1;22;2.139367002;0;1;0;1;0;0;0;0;0;0;0;1;0;0.041432165;0.878428571;0
1;17.5;1.265849624;0;1;0;1;0;0;0;0;0;0;0;1;0;0.079217436;0.851;0
1;22.9;1.827129374;0;1;0;0;1;0;1;0;0;0;0;0;0;0.161397953;0.634342873;0
1;23.3;-0.285366183;0;1;0;0;1;0;0;0;0;0;0;1;0;0.278776458;0.859;1
1;25;2.061297906;0;1;0;1;0;0;1;0;0;0;0;0;0;-0.187911472;0.7976;0
1;17.4;1.314219189;0;1;0;0;1;0;0;0;0;0;1;0;0;0.30105171;0.72;0
1;30;2.292027544;0;1;0;1;0;0;0;0;1;0;0;0;0;-0.455807889;0.591346471;0
1;28.6;1.425659207;0;1;0;0;1;0;0;0;1;0;0;0;0;0.469836738;0.789103448;1
1;14.82;1.85727921;0;1;0;1;0;0;0;0;0;0;0;1;0;0.278776458;0.839;1
1;25;0.615249185;1;0;0;0;1;0;1;0;0;0;0;0;0;0.602070849;0.652813923;1
1;12;1.495790577;0;1;0;0;1;0;1;0;0;0;0;0;0;-0.105075023;0.51;0
1;10.4;1.168091153;0;1;0;0;1;0;1;0;0;0;0;0;0;-0.40791413;0.6515;0
1;23.0035;0.750154516;0;1;0;1;0;0;1;0;0;0;0;0;0;-0.557363474;0.54;0
1;14.8;1.321397774;0;1;0;1;0;0;1;0;0;0;0;0;0;-0.443576879;0.65;0
1;19.472;1.02554331;0;1;0;1;0;0;1;0;0;0;0;0;0;-0.626444393;0.463;0
1;22.496;0.724393654;0;1;0;1;0;0;1;0;0;0;0;0;0;-0.462055041;0.5401;0
1;23.958;1.300817451;0;1;0;0;1;0;1;0;0;0;0;0;0;-0.359750514;0.523;0
1;15.3;0.619725318;0;1;0;0;1;0;1;0;0;0;0;0;0;-0.566870482;0.559555;0
1;18.8;0.867639831;0;1;0;0;1;0;1;0;0;0;0;0;0;-0.522734005;0.559555;0
1;23.7;1.433354975;0;1;0;0;0;0;1;0;0;0;0;0;0;-0.346690987;0.563;0
1;32.2;1.328035952;0;1;0;1;0;0;0;0;1;0;0;0;0;0.568213462;0.601785714;1
1;24.6;1.736525189;0;1;0;1;0;0;0;0;1;0;0;0;0;0.139910556;0.615940843;1
1;24.8;1.363719858;0;1;0;1;0;0;0;0;1;0;0;0;0;0.161397953;0.538333333;1
1;27.4;1.761389995;0;1;0;1;0;0;0;0;0;0;0;1;0;0.452070246;0.558634295;1
1;29;1.742623983;0;1;0;0;1;0;0;0;0;0;0;1;0;0.207661291;0.536;1
1;8.7;1.858901311;0;1;0;0;1;0;0;0;0;0;1;0;0;0.22816929;0.576;1
1;23;1.658611463;0;1;0;1;0;0;0;0;1;0;0;0;0;0.22760715;0.514;1
1;10;1.280319931;0;1;0;0;1;0;0;0;0;0;1;0;0;-0.070529984;0.589576503;1
1;20;1.377315059;0;1;0;1;0;0;0;0;1;0;0;0;0;0.010766234;0.6665;1
1;13.6;0.725197159;0;1;0;1;0;0;0;0;0;0;1;0;0;0.22760715;0.589576503;1
1;22.376;1.545476771;0;1;0;1;0;0;0;0;1;0;0;0;0;4.34E-05;0.54875;1
1;25;0.940089954;0;1;0;1;0;0;0;0;0;0;1;0;0;4.34E-05;0.589576503;1
1;24.3;1.521045989;0;1;0;1;0;0;1;0;0;0;0;0;0;0.22760715;0.451479052;1
1;20;1.69433799;0;1;0;1;0;0;0;0;0;0;0;1;0;0.225851811;0.576;1
1;20;1.645572794;0;1;0;1;0;0;1;0;0;0;0;0;0;0.226883328;0.602888908;1
1;25.5;1.538186534;0;1;0;1;0;0;0;0;1;0;0;0;0;0.230474467;0.6165;1
1;25;1.388837864;0;1;0;1;0;0;0;0;1;0;0;0;0;0.147088625;0.639833333;1
1;17.4;1.820603943;0;1;0;0;1;0;0;0;0;0;1;0;0;0.22760715;0.799;1
1;18.8;1.702258333;0;1;0;0;1;0;0;0;0;0;0;1;0;-0.216739767;0.69335457;0
1;15.9;1.535654128;0;1;0;0;1;0;0;0;0;0;1;0;0;-0.300943145;0.88;0
1;9;1.393400435;0;1;0;0;1;0;1;0;0;0;0;0;0;-0.244811414;0.762141828;0
1;13.1;-0.356722092;1;0;0;1;0;0;1;0;0;0;0;0;0;0.103837916;0.65;1
1;15;-0.042328134;1;0;0;0;0;0;1;0;0;0;0;0;0;0.064495427;0.483333333;1
1;15;1.009033234;1;0;0;1;0;0;1;0;0;0;0;0;0;0.176120211;0.51976385;1
1;26;0.860056256;1;0;0;1;0;0;1;0;0;0;0;0;0;4.34E-05;0.510666667;1
1;21.35;1.474866551;1;0;0;1;0;0;1;0;0;0;0;0;0;0.021230658;0.431413875;1
1;26;1.009033234;0;1;0;1;0;0;1;0;0;0;0;0;0;-0.504316932;0.265;1
1;27.5;1.348294468;0;1;0;1;0;0;0;0;1;0;0;0;0;-0.218172847;0.403125;1
1;13.6;1.301097512;1;0;0;1;0;0;0;0;0;0;0;1;0;0.62170584;0.602333333;0
1;12;1.504742636;0;1;0;1;0;0;0;0;1;0;0;0;0;-0.224195443;0.5055;0
1;10.2;1.340548128;0;1;0;1;0;0;1;0;0;0;0;0;0;-0.22541005;0.45;0
1;19.5;1.487972212;0;1;0;1;0;0;0;0;0;0;0;1;0;-0.224195443;0.585201065;0
1;18.7;1.672019029;1;0;0;1;0;0;1;0;0;0;0;0;0;0.287824116;0.705;0
1;23.4;1.497149873;1;0;0;0;1;0;0;0;0;0;0;1;0;0.477135731;0.549;0
1;25;1.637267876;1;0;0;1;0;0;1;0;0;0;0;0;0;0.124536828;0.6851;1
1;20.2;1.242419897;1;0;0;1;0;0;0;0;0;0;0;1;0;0.050225038;0.553;0
1;8;2.070746629;0;1;0;1;0;0;1;0;0;0;0;0;0;-1.300162274;0.82;0
1;28.6;1.192713628;0;1;0;1;0;0;1;0;0;0;0;0;0;0.69897869;0.928;0
1;35.2;1.740187921;0;1;0;0;1;0;1;0;0;0;0;0;0;0.592742859;0.779333333;0
1;50;1.705647597;0;1;0;0;1;0;0;0;0;0;0;1;0;0.791346726;0.848071429;0
1;10.75;1.44378633;1;0;0;1;0;0;0;0;0;0;0;1;0;-0.300943145;0.70275;1
1;12.8;0.895089881;1;0;0;1;0;0;1;0;0;0;0;0;0;-0.300943145;0.66;1
1;22.4;1.180530614;0;1;0;0;1;0;1;0;0;0;0;0;0;0.475270531;0.660355532;0
1;10.2;1.365524875;0;1;0;1;0;0;0;0;0;0;0;1;0;0.456381218;0.51;0
1;26;1.224712254;0;1;0;0;1;0;0;0;0;0;0;1;0;0.202243038;0.808912762;0
1;17.1;1.464464087;0;1;0;0;1;0;0;0;0;0;0;1;0;0.475270531;0.81;0
1;15.8;1.492386982;0;1;0;0;1;0;0;0;1;0;0;0;0;0.261048643;0.569590193;0
1;17;1.819369167;0;1;0;0;1;0;0;0;0;0;1;0;0;0.261048643;0.7075;0
1;22.1;0.982285897;0;1;0;0;0;0;0;0;0;0;1;0;0;-0.291069464;0.81;0
1;15;1.082680512;0;1;0;0;0;0;0;0;0;0;0;1;0;-0.443576879;0.5494;1
1;30;1.263066667;1;0;0;1;0;0;0;0;0;0;0;1;0;-0.024982002;0.578666667;1
1;19.4165;0.957671866;1;0;0;1;0;0;0;0;0;0;0;0;1;-0.025672565;0.688727273;1
1;30;1.352084612;1;0;0;1;0;0;0;0;1;0;0;0;0;-0.271565049;0.697142857;1
1;18;1.540798638;1;0;0;1;0;0;0;0;0;0;0;1;0;0.133570841;0.546;0
1;23.2;1.456279664;1;0;0;1;0;0;1;0;0;0;0;0;0;-0.009172949;0.507888889;0
1;22.7;2.162114864;1;0;0;0;0;0;0;0;1;0;0;0;0;0.093456707;0.579333333;0
1;12;1.602660057;1;0;0;1;0;0;0;0;0;0;0;1;0;0.079217436;0.545333333;0
1;21.4;1.099209864;0;0;0;0;0;0;0;0;0;0;0;1;0;-0.045709238;0.5912;0
1;13.8;-0.451697605;1;0;0;1;0;0;1;0;0;0;0;0;0;0.170779821;0.42;1
1;18.4;1.015766616;1;0;0;0;0;0;0;0;0;0;0;1;0;0.021230658;0.9482;1
1;12.45;0.597520418;1;0;0;0;1;0;0;0;0;0;0;1;0;0.170779821;0.657;1
1;22.2;0.953153199;1;0;0;1;0;0;1;0;0;0;0;0;0;0.07776749;0.577125;1
1;17.4;0.736292877;1;0;0;1;0;0;0;1;0;0;0;0;0;0.334875777;0.91;1
1;18;-0.082344291;1;0;0;0;0;0;0;0;0;0;0;1;0;0.30105171;0.5605;1
1;24;1.376962292;1;0;0;1;0;0;1;0;0;0;0;0;0;0.170779821;0.682712644;1
1;7.7;1.209483839;1;0;0;0;0;1;0;0;0;0;0;0;0;0.170779821;0.762333333;1
1;24.5;1.207373047;1;0;0;1;0;0;1;0;0;0;0;0;0;0.050804948;0.6;1
1;24.2;0.957272168;1;0;0;1;0;0;1;0;0;0;0;0;0;0.170779821;0.864;1
1;24.5;0.899411255;1;0;0;1;0;0;1;0;0;0;0;0;0;0.079217436;0.59;1
1;24.7;1.133449668;1;0;0;1;0;0;1;0;0;0;0;0;0;0.170779821;0.756;1
1;27.6;1.657764313;0;1;0;1;0;0;0;0;1;0;0;0;0;-0.56050941;0.79093913;0
1;20;1.650964737;0;1;1;0;0;0;0;0;0;0;1;0;0;-0.35349825;0.604;0
1;30;2.336737604;0;1;0;0;1;0;1;0;0;0;0;0;0;0.021230658;0.463285714;0
1;15;1.42784426;1;0;0;1;0;0;0;0;0;0;0;1;0;0.680117858;0.762;1
1;28.6;1.406216505;1;0;0;0;1;0;0;0;0;0;0;1;0;0.544080453;0.522352008;0
1;13;2.03339258;0;0;0;0;0;0;0;0;0;0;0;1;0;0.176120211;0.34;0
1;28;1.336785017;0;1;0;0;1;0;0;0;0;0;1;0;0;0.146159056;0.967333333;0
1;29.5;1.401763999;0;1;0;0;1;0;1;0;0;0;0;0;0;0.123884293;0.961666667;0
1;30;1.575772559;0;1;0;0;1;0;1;0;0;0;0;0;0;0.21434041;0.82725;0
1;21;1.409623277;0;0;0;1;0;0;0;0;1;0;0;0;0;-0.247874693;0.5602;0
1;13;1.478129254;0;1;1;0;0;0;0;0;0;0;1;0;0;0.079217436;0.799173141;0
1;19.4;1.221809677;0;1;1;0;0;0;1;0;0;0;0;0;0;-0.045709238;0.936;0
1;17.4;1.698151288;0;1;0;0;1;0;0;0;0;0;1;0;0;-0.060430831;0.578248806;0
1;23.7;1.515495773;0;1;1;0;0;0;0;0;0;0;1;0;0;0.002826107;0.799173141;0
1;22;1.89612903;0;1;0;0;1;0;1;0;0;0;0;0;0;-0.054974799;0.62279004;0
1;15;1.107610406;0;1;0;0;1;0;0;0;0;0;1;0;0;0.041432165;0.799173141;0
1;21.351;1.658466002;0;1;0;1;0;0;1;0;0;0;0;0;0;-0.022459294;0.6696;1
1;21.4;1.580144563;0;1;0;1;0;0;0;0;0;0;0;1;0;0.040114243;0.789833333;1
1;28.2;1.444649295;0;1;0;1;0;0;0;0;0;0;1;0;0;-0.033811319;0.532;1
1;16.7;1.556902567;0;1;0;1;0;0;0;0;0;0;1;0;0;-0.045709238;0.567;1
1;30;1.712324612;0;1;0;0;1;0;0;0;0;0;1;0;0;0.001715174;0.712938462;1
1;12.75;1.570256971;0;1;0;0;1;0;1;0;0;0;0;0;0;-0.170631892;0.73;0
1;12;1.594059886;0;1;0;0;1;0;0;1;0;0;0;0;0;0.041826763;0.745;0
1;20;1.504684291;0;1;0;0;1;0;0;0;0;0;1;0;0;-0.009283855;0.764727732;0
1;17.769;0.977875252;0;1;0;0;1;0;1;0;0;0;0;0;0;-0.100124804;0.764727732;0
1;20;1.482426616;0;1;0;0;1;0;0;0;0;0;0;1;0;0.176120211;0.789;0
1;20;1.17644303;0;1;0;0;1;0;1;0;0;0;0;0;0;0.085207304;0.7775;0
1;10;0.946306739;0;1;0;0;1;0;1;0;0;0;0;0;0;-0.221776373;0.8075;0
1;6;1.112573826;0;1;0;0;1;0;0;0;0;0;1;0;0;-0.009283855;0.697890138;0
1;6;1.745582953;0;1;1;0;0;0;0;0;0;0;1;0;0;-0.09685573;0.764727732;0
1;27;0.841296435;1;0;0;0;1;0;1;0;0;0;0;0;0;0.402278582;1.0014;1
1;22;1.769399017;0;1;0;0;1;0;1;0;0;0;0;0;0;0.161397953;0.488593778;0
1;15.6;1.19952655;0;0;0;0;1;0;1;0;0;0;0;0;0;-0.151749285;0.746666667;1
1;22.9;1.599990753;0;0;0;0;1;0;1;0;0;0;0;0;0;-0.216382235;0.7687;1
1;12.3;1.446133046;0;1;0;0;0;0;0;0;1;0;0;0;0;-0.837501974;0.622767924;0
1;5;1.258701861;0;1;0;0;0;0;0;0;0;0;1;0;0;-0.837501974;0.636889271;0
1;20;1.864362092;0;1;0;0;0;0;1;0;0;0;0;0;0;-0.837501974;0.636889271;0
1;24.646;2.371755165;0;1;0;0;0;0;0;0;0;0;1;0;0;-0.584859648;0.6192;0
1;10;2.153067862;0;1;0;1;0;0;0;0;1;0;0;0;0;-1.995678626;0.42;0
1;14.6;1.795443353;0;1;1;0;0;0;1;0;0;0;0;0;0;-0.837501974;0.636889271;0
1;13.6;1.806724597;0;1;0;0;0;0;1;0;0;0;0;0;0;-0.837501974;0.636889271;0
1;25.152;1.404600357;0;1;0;0;0;0;1;0;0;0;0;0;0;0.079217436;0.618545455;0
1;15.1;1.450550636;0;1;0;0;0;0;1;0;0;0;0;0;0;-1.300162274;0.67;0
1;22;1.403187895;0;1;0;1;0;0;0;0;0;0;0;1;0;-0.823619308;0.774;0
1;16.2;2.046030435;0;1;0;1;0;0;1;0;0;0;0;0;0;-0.837501974;0.636889271;0
1;17.2;2.155161269;0;1;0;1;0;0;0;0;0;0;0;1;0;-2.677780705;0.622767924;0
1;8.5;1.681770335;0;1;0;0;0;0;1;0;0;0;0;0;0;-1.300162274;0.605383962;0
1;15.8;1.935469432;0;1;0;1;0;0;0;0;0;0;0;1;0;-0.837501974;0.686383962;0
1;12.4;1.052206515;0;1;0;0;0;0;1;0;0;0;0;0;0;-0.885722703;0.75;0
1;10;1.462112849;0;1;0;1;0;0;0;0;1;0;0;0;0;-0.837501974;0.8;0
1;10;1.173529076;0;1;0;0;0;0;1;0;0;0;0;0;0;-0.837501974;0.636889271;0
1;11.9;1.769335008;0;1;0;0;0;0;0;0;1;0;0;0;0;-1.507239611;0.691627163;0
1;15;1.374767032;0;1;0;0;0;0;1;0;0;0;0;0;0;-0.837501974;0.617813461;0
1;15;1.334018109;0;1;0;0;0;0;1;0;0;0;0;0;0;-0.698752911;0.665;0
1;7.85;1.627483641;0;1;0;0;0;0;0;0;1;0;0;0;0;-0.837501974;0.636889271;0
1;10;1.196119877;0;1;0;0;0;0;1;0;0;0;0;0;0;-1.300162274;0.594;0
1;23.5;1.397592434;0;0;0;1;0;0;0;0;0;0;0;1;0;0.045362103;0.72;0
1;35;1.185124493;0;1;0;0;1;0;1;0;0;0;0;0;0;0.192688229;0.655;0
1;21.15;1.122976586;0;1;0;0;1;0;0;0;0;0;0;1;0;-0.00806545;0.7;0
1;40;1.062942992;0;1;0;0;1;0;0;0;1;0;0;0;0;0.096944755;0.71725;0
1;14.4;-1.045157424;1;0;0;0;0;0;0;0;1;0;0;0;0;-0.346690987;0.67;1
1;10.8;0.668693504;0;0;0;0;0;0;0;0;0;0;0;0;0;-0.321694116;0.7804;1
1;22.5;-1.056419761;0;0;0;0;0;0;1;0;0;0;0;0;0;-0.240256632;0.611222222;1
1;15.4;1.349934741;0;1;0;0;1;0;1;0;0;0;0;0;0;0.150787131;0.583;0
1;7.8;0.732362584;0;1;0;0;1;0;0;0;0;0;1;0;0;0.150787131;0.548068181;0
1;9.4;1.624492156;0;1;0;0;1;0;0;0;0;0;1;0;0;0.150787131;0.555804613;0
1;15.5;0.892406118;0;1;0;0;1;0;0;0;0;0;1;0;0;0.150787131;0.548068181;0
1;9.3;0.682815952;0;1;1;0;0;0;0;0;0;0;1;0;0;0.150787131;0.548068181;0
1;10;1.275571405;0;1;0;0;1;0;0;0;0;0;1;0;0;0.150787131;0.434334487;0
1;18.2;2.015663813;0;1;0;0;1;0;0;1;0;0;0;0;0;0.150787131;0.665166667;0
1;8;1.532329369;0;1;0;0;1;0;0;0;0;0;1;0;0;0.176120211;0.548068181;0
1;14.1;2.009937073;0;1;0;0;1;0;0;0;0;0;0;1;0;0.150787131;0.665166667;0
1;17;1.587653917;0;1;0;0;1;0;1;0;0;0;0;0;0;0.150787131;0.481988092;0
1;11.5;1.214573311;0;1;1;0;0;0;1;0;0;0;0;0;0;0.150787131;0.494;0
1;17.5;1.433816349;0;1;0;0;1;0;0;0;0;0;1;0;0;0.255296632;0.548068181;0
1;16;1.747366506;0;1;0;0;1;0;1;0;0;0;0;0;0;0.133570841;0.63;0
1;15.25;1.551400764;1;0;0;0;0;0;1;0;0;0;0;0;0;-0.522734005;0.725625;0
1;25;1.455064225;0;1;1;0;0;0;1;0;0;0;0;0;0;-0.124880835;0.833705882;0
1;24.629;0.993410129;1;0;0;1;0;0;1;0;0;0;0;0;0;0.216456215;0.695;1
1;27.5;1.01730576;1;0;0;0;1;0;1;0;0;0;0;0;0;-0.522734005;1.005928571;1
1;12.8;1.088641473;0;1;0;0;1;0;1;0;0;0;0;0;0;-0.455807889;0.693416667;0
1;13.25;0.231299374;0;1;0;1;0;0;0;0;0;0;1;0;0;-0.397831449;0.68175;0
1;17.3;1.111651616;0;1;0;0;1;0;1;0;0;0;0;0;0;-0.300943145;0.85;0
1;18;1.12585802;0;1;1;0;0;0;0;0;0;0;1;0;0;-0.302211435;0.693416667;0
1;16;1.013099174;0;1;0;0;1;0;1;0;0;0;0;0;0;-0.205674641;0.65;0
1;14;1.144206673;0;1;0;0;1;0;1;0;0;0;0;0;0;-0.405128848;0.693416667;0
1;16.4;0.485457945;0;1;0;1;0;0;0;0;0;0;0;0;1;-0.397831449;0.693416667;0
1;20.4;0.590425601;0;1;1;0;0;0;0;0;0;0;1;0;0;-0.302211435;0.693416667;0
1;18.4;0.960015608;0;1;0;0;1;0;1;0;0;0;0;0;0;-0.161324032;0.757465322;0
1;20;1.441863354;0;1;0;0;1;0;0;0;1;0;0;0;0;-0.999565923;0.774961111;0
1;12;1.761746362;0;1;0;1;0;0;1;0;0;0;0;0;0;-0.070529984;0.73565;0
1;9.6;0.196119877;0;1;0;0;1;0;1;0;0;0;0;0;0;-0.161324032;0.757465322;0
1;24.4;1.449950323;0;1;0;0;1;0;1;0;0;0;0;0;0;-0.244048959;0.556276835;0
1;14.2;2.272935904;0;1;0;1;0;0;1;0;0;0;0;0;0;0.146159056;0.682145392;0
1;15.6;1.825503989;0;1;0;0;0;0;0;0;1;0;0;0;0;-0.346690987;0.6;0
1;18;1.39176012;0;1;0;0;1;0;0;1;0;0;0;0;0;0.021230658;0.757465322;0
1;25;1.216014706;0;1;0;0;1;0;0;0;0;0;1;0;0;-0.283913146;0.6677;0
1;17.5;0.923919757;0;1;0;0;1;0;0;0;1;0;0;0;0;-0.221776373;0.6325;0
1;12.6;1.17839111;0;1;0;1;0;0;1;0;0;0;0;0;0;-0.221776373;0.757465322;0
1;22;1.246616198;0;1;0;1;0;0;0;0;0;0;1;0;0;-0.443576879;0.757465322;0
1;15.5;1.469045406;0;1;0;0;1;0;1;0;0;0;0;0;0;4.34E-05;0.621333333;0
1;18;1.419661717;0;1;0;0;1;0;0;0;0;0;0;1;0;-0.40882405;0.862;0
1;12.1;1.635452571;0;1;0;1;0;0;1;0;0;0;0;0;0;-0.161324032;0.765;0
1;12;0.798179868;0;1;0;0;1;0;0;0;0;0;0;1;0;-0.221776373;0.7555;0
1;16.2;0.812661029;0;1;0;0;0;0;1;0;0;0;0;0;0;-0.161324032;0.757465322;0
1;6.6;1.058996315;0;1;0;1;0;0;0;0;0;0;1;0;0;-0.346690987;0.65745;0
1;12.1;0.518339172;0;1;0;1;0;0;1;0;0;0;0;0;0;-0.161324032;0.757465322;0
1;21;0.872813487;0;1;1;0;0;0;1;0;0;0;0;0;0;-0.40882405;0.757465322;0
1;22.8;1.240413257;0;1;0;0;1;0;1;0;0;0;0;0;0;-0.576590272;0.743809019;0
1;21.2;0.910030231;0;1;0;0;1;0;1;0;0;0;0;0;0;-0.161324032;0.757465322;0
1;11.6;0.599454918;0;1;0;0;1;0;1;0;0;0;0;0;0;-0.481354476;0.725;0
1;15;2.132193573;0;1;0;0;1;0;1;0;0;0;0;0;0;0.049256797;0.757465322;0
1;20.97;1.286476817;0;1;0;1;0;0;0;0;1;0;0;0;0;-0.254178222;0.793578947;0
1;21;2.148750683;0;1;0;0;1;0;0;0;0;0;1;0;0;-0.001406494;0.833807043;0
1;7;0.556302501;0;1;0;1;0;0;0;0;1;0;0;0;0;-0.161324032;0.757465322;0
1;17;1.009283716;0;1;0;0;1;0;1;0;0;0;0;0;0;-0.161324032;0.757465322;0
1;27;1.08605155;0;1;0;0;1;0;1;0;0;0;0;0;0;-0.045709238;0.876;0
1;13.2;1.48503935;0;1;0;1;0;0;0;0;1;0;0;0;0;-0.437588167;0.74925;0
1;14.6;0.669667668;0;1;0;1;0;0;1;0;0;0;0;0;0;-0.161324032;0.757465322;0
1;12.6;1.842094489;0;1;0;0;1;0;1;0;0;0;0;0;0;-0.074378545;0.873333333;0
1;19.6;1.106410697;0;1;0;0;1;0;1;0;0;0;0;0;0;-0.19990182;0.85;0
1;25;1.131878981;0;1;0;1;0;0;1;0;0;0;0;0;0;-0.005418919;0.8805;0
1;6;0.09064362;0;1;0;1;0;0;1;0;0;0;0;0;0;-0.251734427;0.99;0
1;12;-0.021228371;0;1;0;0;1;0;1;0;0;0;0;0;0;0.164382601;0.85;0
1;21.9;0.98568267;0;1;0;0;1;0;0;0;1;0;0;0;0;-0.214124673;0.778;0
1;10;0.877643766;0;1;1;0;0;0;0;1;0;0;0;0;0;-0.084472029;0.8695;0
1;15.8;0.030023634;0;1;0;1;0;0;0;0;1;0;0;0;0;-0.259558355;0.785;0
1;30;1.201363381;1;0;0;0;1;0;1;0;0;0;0;0;0;0.712910537;0.84027159;1
1;30;1.042121756;1;0;0;0;1;0;0;0;0;0;0;1;0;0.176120211;0.802;1
1;20.3675;0.65381258;0;1;0;1;0;0;0;0;0;0;0;1;0;-0.388170521;0.745588912;0
1;20;1.215126007;0;1;0;0;0;0;0;0;1;0;0;0;0;-0.650204608;0.647;0
1;20;1.391494111;0;1;0;1;0;0;1;0;0;0;0;0;0;-0.552686891;0.536;0
1;25;1.555101103;0;1;0;1;0;0;0;0;0;0;0;1;0;-0.542471332;0.632666667;0
1;21.6;1.805610485;0;1;0;0;1;0;1;0;0;0;0;0;0;-0.154839922;0.55939496;0
1;11.4;1.141219007;0;1;0;1;0;0;0;0;0;0;0;1;0;-0.485430113;0.563675;0
1;15;1.151639605;0;1;0;1;0;0;1;0;0;0;0;0;0;-0.552686891;0.617;0
1;8;1.488680512;0;1;0;1;0;0;1;0;0;0;0;0;0;-0.601886308;0.76;0
1;12.9;1.403350187;0;1;0;0;0;0;1;0;0;0;0;0;0;-0.522734005;0.628311414;0
1;12;1.07048088;0;1;0;1;0;0;0;0;0;0;1;0;0;-0.698752911;0.628311414;0
1;15;0.960109096;0;1;0;0;0;0;1;0;0;0;0;0;0;-0.657379957;0.628311414;0
1;20;1.656615285;0;1;0;1;0;0;0;0;0;0;0;1;0;-0.364415734;0.669856561;0
1;17.2;1.651841721;0;1;0;1;0;0;1;0;0;0;0;0;0;-0.431680915;0.628311414;0
1;19;1.418077187;0;1;0;1;0;0;1;0;0;0;0;0;0;0.05567133;0.4665;0
1;35;2.172720461;0;1;0;1;0;0;0;0;1;0;0;0;0;0.180441298;0.6948;0
1;30;1.484195088;0;1;0;0;1;0;0;0;0;0;0;1;0;4.34E-05;0.5184;0
1;22.1;1.557154089;0;1;0;0;1;0;1;0;0;0;0;0;0;0.27186483;0.61;0
1;25.586;1.52704201;0;1;0;1;0;0;1;0;0;0;0;0;0;0.195927314;0.5295;0
1;27.651;1.289725037;0;1;0;1;0;0;1;0;0;0;0;0;0;-0.066715228;0.600952082;0
1;35;1.871576371;0;1;0;1;0;0;0;0;1;0;0;0;0;4.34E-05;0.546333333;0
1;14.5;1.363806353;0;1;0;0;1;0;1;0;0;0;0;0;0;4.34E-05;0.74;0
1;26.5;1.949100162;0;1;0;1;0;0;0;0;1;0;0;0;0;0.05567133;0.560357326;0
1;23.6;1.50417714;0;1;0;0;1;0;1;0;0;0;0;0;0;0.05567133;0.569636188;0
1;40;2.270601085;0;1;0;1;0;0;0;0;0;0;0;1;0;0.05567133;0.6284;0
1;17.1;1.302339114;0;1;0;1;0;0;1;0;0;0;0;0;0;0.096944755;0.733184634;0
1;16;1.708003238;0;1;0;0;1;0;0;0;0;0;1;0;0;-0.060430831;0.714040215;0
1;25;1.678321535;0;1;0;0;1;0;0;0;0;0;0;1;0;-0.09685573;0.528833333;0
1;23.4;1.519500905;0;1;0;0;1;0;0;0;0;0;1;0;0;0.30105171;0.501;0
1;25;1.177872637;0;1;0;0;1;0;0;0;0;0;1;0;0;0.062339919;0.644;0
1;19;1.432908976;0;1;0;0;1;0;1;0;0;0;0;0;0;0.062339919;0.433;0
1;31.344;1.232666093;0;1;1;0;0;0;0;0;0;0;0;1;0;0.195927314;0.664516667;0
1;24.4;1.326855584;0;1;0;0;1;0;1;0;0;0;0;0;0;-0.124880835;0.658;0
1;17.95;1.034378493;0;1;0;0;1;0;1;0;0;0;0;0;0;0.062339919;0.5561581;0
1;23;1.319576773;0;1;0;1;0;0;1;0;0;0;0;0;0;0.204147125;0.61388;0
1;17.8;1.348676313;0;1;0;0;1;0;1;0;0;0;0;0;0;-0.09685573;0.503819293;0
1;15;1.497149873;0;1;0;0;1;0;0;0;0;0;1;0;0;0.477135731;0.522610137;0
1;23.4;1.213836027;0;1;0;0;1;0;1;0;0;0;0;0;0;-0.002569926;0.60475;0
1;21;1.470251876;0;1;0;0;1;0;1;0;0;0;0;0;0;0.062339919;0.548;0
1;23.2;1.333434419;0;1;1;0;0;0;1;0;0;0;0;0;0;0.194958122;0.663;0
1;11.4;1.675947025;0;1;1;0;0;0;0;0;0;0;1;0;0;0.062339919;0.67;0
1;25;1.299495932;0;1;1;0;0;0;1;0;0;0;0;0;0;4.34E-05;0.501;0
1;19.2;1.074785265;0;1;0;0;1;0;1;0;0;0;0;0;0;0.062339919;0.5561581;0
1;21.1;2.245142373;0;1;0;1;0;0;0;0;0;0;0;1;0;0.062339919;0.550666667;0
1;13.5;1.363683341;0;1;0;1;0;0;1;0;0;0;0;0;0;0.155366407;0.76;0
1;18;1.411129202;0;1;0;0;1;0;0;1;0;0;0;0;0;-0.300943145;0.501;0
1;17.5;1.435262882;0;1;0;1;0;0;1;0;0;0;0;0;0;-0.154839922;0.522610137;0
1;25;1.200172421;0;1;1;0;0;0;1;0;0;0;0;0;0;-0.154839922;0.501;0
1;24.6;1.550766322;0;1;0;0;1;0;1;0;0;0;0;0;0;0.145848757;0.616121429;0
1;27;1.040376835;0;1;0;0;1;0;0;0;0;0;1;0;0;0.195927314;0.596666667;0
1;29;1.582090512;0;1;0;0;1;0;0;0;0;0;0;1;0;-0.060430831;0.446614286;0
1;29.2;1.004908079;0;1;0;1;0;0;1;0;0;0;0;0;0;-0.12199553;0.617666667;0
1;20.5;1.324276749;0;1;1;0;0;0;1;0;0;0;0;0;0;0.062339919;0.492;0
1;21;1.292900434;0;1;0;0;1;0;1;0;0;0;0;0;0;0.062339919;0.507;0
1;30;1.826420598;0;1;0;0;1;0;0;0;0;0;1;0;0;-0.083493413;0.716666667;0
1;14;1.250876524;0;1;0;0;1;0;1;0;0;0;0;0;0;0.30105171;0.5561581;0
1;15.6;0.709670397;0;1;0;0;1;0;1;0;0;0;0;0;0;0.062339919;0.5561581;0
1;14.75;1.811104927;0;1;0;1;0;0;1;0;0;0;0;0;0;0.062339919;0.5561581;0
1;25;1.705910249;0;1;0;0;1;0;1;0;0;0;0;0;0;0.041432165;0.6;0
1;17.6;1.275301123;0;1;0;0;1;0;0;1;0;0;0;0;0;0.062339919;0.5561581;0
1;15;2.906237242;0;1;0;1;0;0;1;0;0;0;0;0;0;-0.300943145;0.56;0
1;22.6;1.934159912;0;1;0;1;0;0;1;0;0;0;0;0;0;0.176120211;0.677275;1
1;14.95;1.807527414;0;1;0;1;0;0;0;0;0;0;0;1;0;-0.283913146;0.6625;0
1;5.84;1.709670397;0;1;0;1;0;0;1;0;0;0;0;0;0;-0.300943145;0.5;0
1;22.4;1.161761607;0;1;0;0;1;0;1;0;0;0;0;0;0;-0.136617652;0.611092631;0
1;9.05;1.665020802;0;1;0;1;0;0;1;0;0;0;0;0;0;0.049256797;0.685;0
1;11.2;2.119321886;0;1;0;0;1;0;0;0;1;0;0;0;0;-1.300162274;0.578;0
1;43.5;1.770151145;1;0;0;1;0;0;0;0;0;0;1;0;0;0.332458659;0.71425;1
1;19.1;2.143184988;0;1;0;0;1;0;1;0;0;0;0;0;0;-0.101768615;0.546190802;0
1;28.5;1.557847713;1;0;0;0;1;0;0;0;0;0;1;0;0;0.66932618;0.796;1
1;25.5;-0.539652775;1;0;0;1;0;0;0;0;1;0;0;0;0;-0.026825947;0.6515;1
1;29.4;1.446313867;0;1;0;1;0;0;0;0;0;0;0;1;0;-0.325966;0.628011028;0
1;14;1.944065485;0;1;0;1;0;0;1;0;0;0;0;0;0;-1.096367484;0.7685;0
1;20.2;1.789036489;0;1;0;0;1;0;0;0;0;0;1;0;0;-0.065451052;0.59;0
1;25;1.68278645;0;1;0;0;1;0;1;0;0;0;0;0;0;-0.124880835;0.668;0
1;40;1.529818989;0;1;0;1;0;0;0;0;1;0;0;0;0;-0.552686891;0.354;0
1;9.7;1.018328833;0;1;0;0;1;0;1;0;0;0;0;0;0;-0.112138993;0.586878425;1
1;9.4;1.420607078;0;1;0;0;1;0;1;0;0;0;0;0;0;-0.112138993;0.586878425;1
1;9;1.312948918;0;1;0;0;1;0;1;0;0;0;0;0;0;-0.112138993;0.586878425;1
1;18.9;0.727634484;0;1;0;0;1;0;0;0;0;0;1;0;0;-0.079042294;0.85;1
1;9;1.013189193;0;1;0;0;1;0;1;0;0;0;0;0;0;-0.187019834;0.53775685;1
1;8;1.326229996;0;1;0;1;0;0;0;0;0;0;0;1;0;-0.112138993;0.422;1
1;17.4;1.620388824;0;1;0;0;1;0;1;0;0;0;0;0;0;4.34E-05;0.45;1
1;18;1.270296102;0;1;0;0;1;0;1;0;0;0;0;0;0;-0.05744632;1.05;0
1;18.2;2.096487006;0;1;0;0;1;0;1;0;0;0;0;0;0;-0.087193607;1.05;1
1;18.5;1.317895092;0;1;0;0;1;0;1;0;0;0;0;0;0;-0.154839922;0.9077;0
1;31.944;0.849720105;1;0;0;0;0;0;1;0;0;0;0;0;0;-0.601886308;0.42975;0
1;24.982;1.694667879;1;0;0;0;0;0;0;0;0;0;1;0;0;4.34E-05;0.4105;0
1;22.6;1.939065291;1;0;0;0;0;0;1;0;0;0;0;0;0;-0.249800272;0.47645396;0
1;7.6;1.607318551;1;0;0;1;0;0;0;0;0;0;0;1;0;-0.300943145;0.545;0
1;9.7;1.740187921;1;0;0;1;0;0;0;0;0;0;1;0;0;-0.249800272;0.477604106;0
1;20;1.778429498;0;1;0;1;0;0;1;0;0;0;0;0;0;0.22013425;0.3425;0
1;25;2.255833145;1;0;0;0;1;0;1;0;0;0;0;0;0;0.35220182;0.8245;1
1;23.8;1.408799677;1;0;0;0;1;0;1;0;0;0;0;0;0;0.530511322;0.745;1
1;15;1.209483839;1;0;0;1;0;0;0;1;0;0;0;0;0;0.530511322;0.605;1
1;21.4;0.773884669;1;0;0;1;0;0;0;0;1;0;0;0;0;-0.090123182;0.7696;1
1;12.5;1.457382746;1;0;0;1;0;0;0;0;0;0;0;1;0;0.368305484;0.65925;0
1;25;1.3140744;1;0;0;0;0;0;0;0;0;0;1;0;0;-0.999565923;0.56;0
1;16.2;1.300884309;1;0;0;1;0;0;1;0;0;0;0;0;0;-0.552686891;0.61;0
1;12.9;0.893676126;0;1;0;0;1;0;1;0;0;0;0;0;0;4.34E-05;0.727;0
1;19.9;1.373114975;0;1;1;0;0;0;0;0;0;0;1;0;0;0.007577098;0.65;0
1;18;1.094204843;0;1;0;1;0;0;0;0;0;0;0;1;0;0.140727963;0.6;0
1;21.8;0.98100451;0;1;0;0;1;0;0;0;0;0;0;1;0;4.34E-05;0.95;0
1;24.446;0.796762869;0;1;0;0;1;0;1;0;0;0;0;0;0;-0.331055266;0.4615;0
1;20.4;1.751516654;0;1;0;0;1;0;0;0;0;0;0;1;0;-0.187019834;0.47;0
1;12;1.549988043;0;1;0;0;1;0;0;0;0;0;1;0;0;0.30105171;0.65245;0
1;19.4;1.887536992;0;1;0;1;0;0;0;0;1;0;0;0;0;0.038461196;0.579;0
1;25.5;2.505487402;0;1;0;1;0;0;0;0;0;0;0;1;0;0.21088009;0.381461765;0
1;30;1.802905629;0;1;0;0;1;0;0;0;0;0;0;1;0;0.259458489;0.783;0
1;18.4;1.484733508;0;1;0;1;0;0;0;0;0;0;1;0;0;0.204147125;0.69;0
1;15.6;2.191755072;0;1;0;0;1;0;1;0;0;0;0;0;0;0.376595204;0.8615;0
1;30;1.535518464;0;1;0;0;1;0;0;0;1;0;0;0;0;0.522891774;0.803119171;0
1;21.4;1.673241132;0;1;0;0;1;0;0;0;0;0;1;0;0;-0.091997799;0.783;0
1;13.8;1.258074721;0;1;0;0;1;0;0;0;0;0;0;1;0;0.128754573;0.855666667;0
1;18.6;1.657655919;0;1;0;1;0;0;1;0;0;0;0;0;0;0.366441636;0.732666667;0
1;30;1.772140834;0;1;0;1;0;0;0;0;1;0;0;0;0;0.511896724;0.67;0
1;16;1.761203473;0;1;0;1;0;0;1;0;0;0;0;0;0;0.38918381;0.82;0
1;40;1.999886964;0;1;0;0;1;0;0;0;1;0;0;0;0;0.353781635;0.9099;0
1;18.5;1.906871712;0;1;0;0;1;0;1;0;0;0;0;0;0;0.339338795;0.6915;0
1;20;1.730547922;0;1;0;0;1;0;0;0;0;0;0;1;0;0.454860098;0.6986;0
1;35.8;1.631107593;0;1;0;0;1;0;0;0;1;0;0;0;0;0.183654131;0.793333333;0
1;31.5;2.130422009;0;1;0;1;0;0;0;0;1;0;0;0;0;0.387915848;0.700916667;0
1;25;1.734859852;0;1;0;0;1;0;1;0;0;0;0;0;0;0.569970508;0.92;0
1;20;1.737699121;0;1;0;0;1;0;1;0;0;0;0;0;0;0.292167431;0.6655;0
1;14;1.390658602;0;1;0;1;0;0;0;0;1;0;0;0;0;-0.786659361;0.62;0
1;20;1.403549454;0;1;0;1;0;0;0;0;1;0;0;0;0;-0.154839922;0.49;1
1;18.8;1.472319298;0;1;0;1;0;0;0;0;0;0;0;1;0;0.091350352;0.619111111;1
1;25.3;1.353925704;0;1;1;0;0;0;0;0;0;0;1;0;0;0.040354163;0.588454545;1
1;25;1.910464316;0;1;0;1;0;0;0;0;0;0;0;1;0;0.040354163;0.5575;1
1;23.25;1.37076107;0;1;0;0;1;0;0;0;0;0;0;1;0;-0.045709238;0.585;1
1;23;1.714633817;0;1;0;0;1;0;1;0;0;0;0;0;0;-0.045709238;0.640666667;1
1;17.6;1.341471694;0;1;0;0;1;0;0;0;0;0;1;0;0;0.096944755;0.713;1
1;20.1;1.246005904;0;1;1;0;0;0;1;0;0;0;0;0;0;-0.119987162;0.723677778;0
1;20.148;1.448216848;0;1;0;1;0;0;0;0;1;0;0;0;0;-0.119987162;0.7428875;0
1;25;2.098757238;1;0;0;1;0;0;1;0;0;0;0;0;0;-0.300943145;0.347;1
1;18;2.302075482;1;0;0;1;0;0;1;0;0;0;0;0;0;-0.18121345;0.3944;1
1;10;1.718930758;1;0;0;1;0;0;0;0;0;0;0;1;0;-0.217575156;0.3875;1
1;12.8;2.250397698;1;0;0;1;0;0;1;0;0;0;0;0;0;-0.300943145;0.393333333;1
1;32.5;-0.926892939;1;0;0;0;1;0;1;0;0;0;0;0;0;0.383234722;0.658302477;1
1;15;1.352133635;0;1;0;1;0;0;1;0;0;0;0;0;0;-0.397831449;1.06;0
1;8.55;1.474873478;0;1;0;1;0;0;0;0;1;0;0;0;0;-0.20853994;0.897;0
1;25.2;1.497149873;0;1;0;0;1;0;1;0;0;0;0;0;0;-0.20853994;0.71;0
1;12.9;0.987635089;0;1;0;1;0;0;1;0;0;0;0;0;0;-0.038531445;0.870005546;0
1;13.6;1.662353921;0;1;0;0;1;0;0;0;1;0;0;0;0;-0.330900166;0.7;0
1;4.7;1.056457884;0;1;0;0;1;0;1;0;0;0;0;0;0;-0.455807889;0.527077871;0
1;18.2;1.443999702;0;1;0;0;1;0;1;0;0;0;0;0;0;-0.387110231;0.381990192;0
1;14.4;1.165914234;0;1;0;0;1;0;1;0;0;0;0;0;0;-0.371508895;0.527077871;0
1;16.8;1.072159675;0;1;0;0;1;0;0;0;0;0;0;1;0;-0.425852936;0.456275;0
1;30;1.565202022;1;0;0;1;0;0;1;0;0;0;0;0;0;0.157109073;0.460251116;1
1;18.4;0.87849062;1;0;0;1;0;0;0;0;0;0;0;1;0;-0.09685573;0.831;1
1;25.3;1.026066573;1;0;0;1;0;0;0;0;0;0;0;1;0;0.243062865;0.661307692;1
1;19;1.07118114;1;0;0;0;1;0;1;0;0;0;0;0;0;0.278776458;0.579;0
1;14.94;1.636438484;1;0;0;0;1;0;1;0;0;0;0;0;0;0.281056105;0.674666667;0
1;13.6;1.933179931;1;0;0;1;0;0;0;0;0;0;0;1;0;0.525705469;0.691375;0
1;25;1.569491694;1;0;0;0;1;0;0;0;0;0;0;1;0;0.491375703;0.690375;0
1;13.55;1.389939903;1;0;0;1;0;0;0;0;0;0;0;1;0;0.451801781;0.599;0
1;23.6;1.929213329;0;1;0;0;1;0;0;0;1;0;0;0;0;0.060735603;0.609675642;0
1;10;1.680063591;0;1;0;1;0;0;1;0;0;0;0;0;0;0.113976758;0.8412;0
1;19.2;1.147335932;1;0;0;1;0;0;0;0;0;0;1;0;0;0.110623375;0.73;0
1;12.1;1.842581114;0;1;0;1;0;0;0;0;1;0;0;0;0;0.049256797;0.675333333;0
1;13.4;1.995460426;0;1;0;0;1;0;1;0;0;0;0;0;0;0.049256797;0.684;0
1;21.5;1.782847798;0;1;0;1;0;0;1;0;0;0;0;0;0;0.010766234;0.5625;0
1;16;1.482848882;0;1;0;1;0;0;0;0;0;0;0;1;0;-0.154839922;0.672333333;0
1;13;1.320175556;0;1;0;1;0;0;0;0;1;0;0;0;0;-0.361410917;0.541425778;0
1;18.2;1.678636164;0;1;0;0;1;0;1;0;0;0;0;0;0;0.176120211;0.430333333;0
1;19;1.805231069;0;1;0;1;0;0;0;0;1;0;0;0;0;-0.130709596;0.54;0
1;24;1.669931653;1;0;0;1;0;0;0;0;1;0;0;0;0;-0.044384398;0.806805357;0
1;12.4;1.57715874;0;1;0;0;1;0;1;0;0;0;0;0;0;-0.288711101;0.582215828;0
1;11.4;1.336392168;0;1;1;0;0;0;1;0;0;0;0;0;0;-0.397831449;0.601405276;0
1;9;2.115851535;0;1;0;0;1;0;0;1;0;0;0;0;0;-0.218172847;0.601405276;0
1;8;1.657580885;0;1;0;1;0;0;0;0;0;0;0;1;0;-0.12295517;0.57;0
1;30;0.970028161;1;0;0;1;0;0;0;0;0;0;0;1;0;-0.09685573;0.624;0
1;22;1.533663518;0;1;0;1;0;0;0;0;0;0;0;1;0;0.414990051;0.806777778;0
1;12;1.668321528;0;1;0;1;0;0;0;0;1;0;0;0;0;0.195927314;0.64;0
1;10.65;2.232985844;0;1;0;1;0;0;0;0;0;0;1;0;0;0.347674712;0.533686939;0
1;15.5;2.433726443;1;0;0;1;0;0;0;0;0;0;0;1;0;0.477135731;0.692;0
1;17.8;1.918548119;0;1;0;1;0;0;0;0;1;0;0;0;0;4.34E-05;0.687;1
1;25;1.708402321;0;1;0;0;0;0;0;0;1;0;0;0;0;-0.274823699;0.40980625;0
1;12;1.136838578;0;1;0;1;0;0;1;0;0;0;0;0;0;-0.154839922;0.3325;0
1;22.752;1.707940057;0;1;0;1;0;0;1;0;0;0;0;0;0;-0.522734005;0.428134579;1
1;29.8;1.785158484;0;1;0;1;0;0;1;0;0;0;0;0;0;-0.418676249;0.388389605;1
1;9.6;1.812183833;0;1;0;1;0;0;1;0;0;0;0;0;0;-0.334794372;0.6266;1
1;30;2.28244182;0;1;0;0;0;0;0;0;1;0;0;0;0;-0.418676249;0.465892308;1
1;7.2;1.19138935;0;1;0;1;0;0;1;0;0;0;0;0;0;-0.418676249;0.489344176;1
1;9.7;0.714633817;0;1;0;0;0;0;0;0;0;0;0;1;0;-0.481354476;0.655;0
1;19;1.007142085;0;1;0;0;0;0;0;0;0;1;0;0;0;-0.481354476;0.54875;1
1;31;0.031843217;1;0;0;0;0;0;0;0;1;0;0;0;0;0.477135731;0.414142857;1
1;17.55;1.000600066;0;1;0;0;1;0;0;0;0;0;0;1;0;0.311351158;0.757;0
1;16.444;1.292595378;0;1;0;0;1;0;0;0;0;0;0;0;1;-0.338092707;0.96225;0
1;14.5544;0.886168649;0;0;0;1;0;0;1;0;0;0;0;0;0;-0.186018924;0.6735;0
1;16.7;1.2570065;1;0;0;1;0;0;0;0;1;0;0;0;0;-0.045709238;0.59;0
1;22.3;1.468918431;1;0;0;0;1;0;1;0;0;0;0;0;0;0.190359716;0.59;0
1;25.1;1.925487182;0;0;0;0;1;0;1;0;0;0;0;0;0;-0.124880835;0.79;0
1;23.9;-0.817834166;0;0;0;0;0;0;0;0;1;0;0;0;0;0.014772474;0.674;1
1;18.2;-1.855487799;0;0;0;1;0;0;0;0;1;0;0;0;0;0.014772474;0.481;1
1;5.8;0.740962756;0;0;0;0;0;0;1;0;0;0;0;0;0;-0.283913146;0.45;1
1;12.9;1.288299042;0;0;0;0;0;0;0;0;0;0;0;1;0;-0.236497135;0.478651607;1
1;23;0.238498475;0;0;0;0;0;0;0;0;1;0;0;0;0;-0.083493413;0.548840833;1
1;16.8;1.208467191;0;0;0;0;0;0;0;0;0;0;0;1;0;-0.187019834;0.45;1
1;8.7;0.79545701;0;0;0;0;0;0;0;0;1;0;0;0;0;-0.180390267;0.561333333;1
1;20;0.684864901;0;1;0;1;0;0;0;0;1;0;0;0;0;0.051833991;0.783;0
1;13.6;1.217309176;0;1;0;1;0;0;1;0;0;0;0;0;0;0.459407567;0.59;1
1;40;1.278189627;0;1;0;1;0;0;0;0;1;0;0;0;0;0.086395427;0.393653846;1
1;12.3;1.279801624;0;1;0;1;0;0;0;0;0;0;0;1;0;0.146159056;0.4945;1
1;19.6;2.447758097;1;0;0;0;1;0;0;0;0;0;1;0;0;0.106394903;0.57;0
1;18.2;1.514652748;1;0;0;0;1;0;1;0;0;0;0;0;0;0.332458659;0.633333333;0
1;23;1.952375526;1;0;0;1;0;0;1;0;0;0;0;0;0;0.544080453;0.612228571;0
1;9.6;1.833250882;0;1;0;0;1;0;1;0;0;0;0;0;0;-0.355462942;0.626325;0
1;17;1.89394251;0;1;0;1;0;0;0;0;1;0;0;0;0;-0.236497135;0.604866667;0
1;22;2.205251947;0;1;0;0;1;0;0;0;0;0;0;1;0;-0.519849275;0.644;0
1;20;0.834546731;0;1;0;0;1;0;0;0;0;0;1;0;0;-0.154839922;0.88;0
1;16.8;1.53289221;0;1;0;0;1;0;1;0;0;0;0;0;0;-0.154839922;0.8378;0
1;16.69;0.081905006;0;1;0;0;1;0;1;0;0;0;0;0;0;-0.16678912;0.85;0
1;21.4;1.673864982;0;1;0;0;1;0;0;0;0;0;0;1;0;-0.080172568;0.806;0
1;26.4;1.71695691;0;1;0;0;1;0;0;0;1;0;0;0;0;-0.124880835;0.730211867;0
1;25.4;1.486412376;0;1;0;0;1;0;1;0;0;0;0;0;0;-0.002133274;0.732277551;0
1;30;1.169517156;0;1;0;0;1;0;1;0;0;0;0;0;0;-0.139602095;0.85;0
1;35;1.202843268;0;1;0;0;1;0;0;0;1;0;0;0;0;-0.823619308;0.782193092;0
1;10.5;1.417534115;0;1;0;0;0;0;0;0;1;0;0;0;0;-0.446582902;0.436885961;0
1;16.5;1.347607009;0;1;0;0;0;0;1;0;0;0;0;0;0;-0.446582902;0.415858312;0
1;5;1.960541212;0;1;0;0;0;0;1;0;0;0;0;0;0;0.113976758;0.435;0
1;12.66;1.497149873;0;1;0;1;0;0;0;0;0;0;1;0;0;-0.482672118;0.436885961;0
1;15.6;1.295890675;0;1;0;0;0;0;1;0;0;0;0;0;0;-0.436400271;0.53;0
1;18.688;1.512273733;0;1;0;1;0;0;1;0;0;0;0;0;0;-0.48399377;0.579;0
1;14.4;1.516439299;0;1;0;0;0;0;0;0;0;0;0;1;0;-0.446582902;0.482333333;0
1;18.6;1.458720539;0;1;0;0;1;0;1;0;0;0;0;0;0;0.045362103;0.618542595;0
1;30;1.629072481;0;1;1;0;0;0;0;0;0;0;0;1;0;-0.239502125;0.56825;0
1;12;1.434963049;0;1;0;0;1;0;1;0;0;0;0;0;0;-0.047449706;0.661916315;0
1;22.5;1.645212408;1;0;0;1;0;0;0;0;0;0;0;1;0;0.146159056;0.598899855;1
1;20.6;1.029266989;1;0;0;1;0;0;1;0;0;0;0;0;0;-0.259558355;0.475;1
1;23.5;1.442910714;0;1;0;1;0;0;1;0;0;0;0;0;0;0.39795738;0.401090909;1
1;25.2;1.474873478;0;1;0;1;0;0;0;0;0;0;1;0;0;0.50516355;0.4775;1
1;16;1.477721321;0;1;0;1;0;0;0;0;0;0;1;0;0;0.195927314;0.63;0
1;30;2.559908077;0;1;0;0;1;0;1;0;0;0;0;0;0;0.511896724;0.45992;0
1;23.8;2.885539738;0;1;0;1;0;0;1;0;0;0;0;0;0;0.401417774;0.4885;0
1;14.2;0.94041286;0;1;0;1;0;0;1;0;0;0;0;0;0;-0.007255075;0.625888889;0
1;8.1;1.49196176;0;1;0;1;0;0;1;0;0;0;0;0;0;0.198684573;0.64825;0
1;7.75;0.494850177;0;0;0;0;0;0;1;0;0;0;0;0;0;-0.1446222;0.6882;1
1;20.5;2.058244056;0;1;1;0;0;0;0;0;0;0;1;0;0;-0.204050501;0.519480602;0
1;17.5;1.288665085;0;1;0;1;0;0;1;0;0;0;0;0;0;-0.059323064;0.517161538;0
1;12.8;1.760391307;0;1;0;1;0;0;1;0;0;0;0;0;0;-0.045709238;0.662666667;0
1;14.5;1.282034506;0;1;0;1;0;0;0;0;0;0;0;1;0;-0.254326774;0.522666667;0
1;21.4;1.043538285;0;1;0;1;0;0;1;0;0;0;0;0;0;0.006508828;0.434033333;0
1;19.04;1.217309176;0;1;0;1;0;0;0;0;0;0;0;1;0;0.190359716;0.5925;0
1;26.4;1.184706701;0;1;0;0;1;0;0;0;0;0;1;0;0;0.574042849;0.854666667;1
1;20;1.449827144;0;1;0;1;0;0;1;0;0;0;0;0;0;0.289444015;0.834;1
1;21;0.726968539;0;1;0;0;1;0;1;0;0;0;0;0;0;0.679436982;0.854666667;1
1;20;1.377172551;0;1;0;0;1;0;0;0;0;0;1;0;0;0.435604117;0.6;1
1;27.5;1.459608;0;1;0;0;1;0;0;0;0;0;0;1;0;0.435604117;0.92;1
1;12;1.000571305;0;1;0;0;1;0;0;0;1;0;0;0;0;0.336479747;0.839666667;1
1;17.6;1.306648212;0;1;0;0;1;0;1;0;0;0;0;0;0;0.435604117;0.79;1
1;10;1.09409042;0;1;0;0;1;0;0;0;0;0;1;0;0;0.435604117;0.813323532;1
1;31.1;1.622840035;0;1;0;0;1;0;0;0;1;0;0;0;0;0.348129552;0.762602119;1
1;18;0.751289927;1;0;0;0;1;0;1;0;0;0;0;0;0;0.167346878;0.808625;1
1;5;1.41818572;0;1;0;0;1;0;1;0;0;0;0;0;0;0.176120211;0.626172439;1
1;25;2.248072627;0;1;0;1;0;0;1;0;0;0;0;0;0;0.322239975;0.624666667;1
1;26.9;1.260200417;0;1;0;1;0;0;0;0;1;0;0;0;0;0.414990051;0.610944444;0
1;12;1.196119877;0;1;0;0;1;0;1;0;0;0;0;0;0;-0.014865549;0.427;0
1;12.8;1.804712761;0;1;0;0;1;0;0;0;0;0;0;1;0;-0.133653577;0.6;0
1;6;1.040247426;0;1;0;1;0;0;1;0;0;0;0;0;0;0.176120211;0.52;0
1;13.2;1.40023986;0;1;0;0;1;0;1;0;0;0;0;0;0;-0.014865549;0.519933333;0
1;17.988;0.993462684;0;1;0;0;0;0;1;0;0;0;0;0;0;-0.014865549;0.45;0
1;18;1.186930294;0;1;0;1;0;0;1;0;0;0;0;0;0;4.34E-05;0.4375;0
1;16.8;1.979397994;1;0;0;1;0;0;0;0;0;0;0;1;0;0.30105171;0.7555;1
1;18;1.717911527;1;0;0;1;0;0;0;0;0;0;1;0;0;-0.036164969;0.430666667;0
1;13.6;1.632481331;1;0;0;0;1;0;1;0;0;0;0;0;0;0.24007476;0.832;0
1;22.6;1.572696834;1;0;0;1;0;0;0;0;0;0;0;1;0;-0.157952711;0.757333333;1
1;15.1;1.349076734;0;1;0;0;0;0;1;0;0;0;0;0;0;-0.082617041;0.395;0
1;11.85;1.188452436;0;1;0;0;0;0;1;0;0;0;0;0;0;-0.045709238;0.41;0
1;11.5;1.491758178;0;1;0;0;0;0;1;0;0;0;0;0;0;4.34E-05;0.493124263;0
1;17.55;1.594059886;0;1;0;1;0;0;0;0;0;0;1;0;0;4.34E-05;0.5345;0
1;13.6;1.346108334;1;0;0;0;0;0;1;0;0;0;0;0;0;0.080422037;0.713;1
1;28.5;1.671572975;1;0;0;0;1;0;1;0;0;0;0;0;0;0.125513796;0.647413472;1
1;23;1.288665085;1;0;0;1;0;0;1;0;0;0;0;0;0;0.037134214;0.603913618;1
1;24.4;0.951994733;1;0;0;0;1;0;0;0;0;0;1;0;0;0.037134214;0.56;1
1;25;1.62876837;1;0;0;1;0;0;0;0;0;0;0;1;0;0.176120211;0.630666667;1
1;23.1;1.398540075;1;0;0;1;0;0;1;0;0;0;0;0;0;0.037134214;0.85;1
1;15;1.525946234;1;0;0;1;0;0;0;0;0;0;0;1;0;0.033463966;0.6986875;1
1;15.8;1.536067939;0;1;0;1;0;0;0;0;0;0;0;1;0;0.383833312;0.8566;1
1;26;1.70431446;0;1;0;1;0;0;0;0;1;0;0;0;0;-0.102317938;0.499222966;1
1;22.9;1.781278219;0;1;0;1;0;0;0;0;0;0;0;1;0;-0.026825947;0.43;1
1;21.8;1.667585274;1;0;0;1;0;0;1;0;0;0;0;0;0;0.096944755;0.719875;0
1;12.5;1.255241329;1;0;0;1;0;0;1;0;0;0;0;0;0;-0.113452877;0.903;0
1;20;1.695291272;1;0;0;1;0;0;1;0;0;0;0;0;0;-0.123724411;0.714285714;0
1;25;1.746779342;1;0;0;1;0;0;1;0;0;0;0;0;0;0.245537343;0.693917489;0
1;30;1.571783491;1;0;0;1;0;0;1;0;0;0;0;0;0;0.086395427;0.6975;0
1;13;1.314463811;0;1;0;1;0;0;1;0;0;0;0;0;0;-0.045709238;0.47;0
1;25;1.595305745;0;1;0;0;1;0;1;0;0;0;0;0;0;0.257702568;0.91;0
1;28.537;1.776302861;0;1;0;1;0;0;1;0;0;0;0;0;0;-0.259558355;0.4043;0
1;24;2.080600701;0;1;0;1;0;0;0;0;0;0;0;1;0;0.166163594;0.606666667;1
1;27.5;1.092370439;1;0;0;0;0;0;0;0;0;0;1;0;0;-1.197682466;0.786;0
1;15.8;1.109975149;1;0;0;0;0;0;1;0;0;0;0;0;0;-1.197682466;0.786;0
1;9;2.341083063;0;1;0;1;0;0;0;0;0;0;0;1;0;-0.09685573;0.58;0
1;16.65;0.849332391;1;0;0;1;0;0;0;0;0;0;1;0;0;-0.045709238;0.9;1
1;15.9;1.496058132;0;1;0;0;0;0;0;0;1;0;0;0;0;-0.698752911;0.36508;0
1;27.2;1.195956986;0;1;0;0;1;0;1;0;0;0;0;0;0;0.113976758;0.7075;1
1;14;1.11372384;0;1;0;1;0;0;0;0;0;0;0;1;0;-0.327809749;0.65;1
1;16;1.30600764;0;1;0;0;1;0;0;0;0;0;0;1;0;-0.014678332;0.45;1
1;19.2;1.064259418;0;1;0;0;1;0;0;0;0;0;0;1;0;0.01818714;0.6475;1
1;15.5;1.034922213;0;1;0;0;1;0;0;0;1;0;0;0;0;-0.139602095;0.5375;1
1;29.6;1.44378633;0;1;1;0;0;0;1;0;0;0;0;0;0;-0.221776373;0.635;1
1;11.2;1.51713112;0;1;1;0;0;0;1;0;0;0;0;0;0;-0.029916694;0.671666667;1
1;18;1.910226343;0;1;0;0;1;0;0;0;1;0;0;0;0;-0.134639356;0.6965;1
1;12.8;1.42067452;0;1;1;0;0;0;1;0;0;0;0;0;0;0.188112537;0.635;1
1;12.4;1.697692591;0;1;0;0;1;0;1;0;0;0;0;0;0;0.176120211;0.7375;1
1;27;2.345508988;1;0;0;1;0;0;0;0;1;0;0;0;0;-0.060430831;0.47;0
1;15.7;1.749395923;1;0;0;1;0;0;1;0;0;0;0;0;0;-0.09685573;0.727;0
1;12.8;1.839572554;0;1;0;0;1;0;0;0;0;0;0;1;0;0.108936924;0.483;0
1;10.2;2.427830683;0;1;0;0;0;0;0;0;1;0;0;0;0;-0.522734005;0.165;0
1;7.8;2.128367266;0;1;0;0;0;0;0;0;1;0;0;0;0;-0.522734005;0.315666667;0
1;25.97;1.097228537;0;1;0;0;1;0;1;0;0;0;0;0;0;0.380229337;0.7175;0
1;15.5;2.271467209;0;1;0;0;0;0;0;0;0;0;0;1;0;-0.300943145;0.22;0
1;30;1.344182412;1;0;0;1;0;0;1;0;0;0;0;0;0;0.306446474;0.745;1
1;14;1.535757618;1;0;0;1;0;0;0;0;0;0;0;1;0;0.462412973;0.7926;1
1;35;0.724393654;1;0;0;1;0;0;0;0;0;0;1;0;0;0.322033129;0.6235;1
1;23.988;1.809360265;1;0;0;0;0;0;1;0;0;0;0;0;0;-0.568475416;0.466366667;0
1;20;2.008615442;1;0;0;0;0;0;1;0;0;0;0;0;0;-0.568475416;0.374;0
1;20;1.640359905;1;0;0;0;0;0;1;0;0;0;0;0;0;-0.568475416;0.5271;0
1;21.1;1.335290297;1;0;0;0;0;0;1;0;0;0;0;0;0;-0.568475416;0.4;0
1;33.5;1.750621377;0;1;0;0;1;0;1;0;0;0;0;0;0;0.374155444;0.523876151;0
1;35;1.578249533;0;1;0;0;1;0;1;0;0;0;0;0;0;0.342442421;0.564285714;0
1;33;2.248839125;0;1;0;0;0;0;0;0;1;0;0;0;0;0.119508824;0.5215;0
1;15.4;1.578587199;0;1;0;0;0;0;0;0;0;0;1;0;0;-0.154839922;0.64;0
1;12.6;1.7818665;0;1;0;0;0;0;0;0;1;0;0;0;0;-0.154839922;0.5595845;0
1;14.35;1.254450984;0;1;0;0;0;0;1;0;0;0;0;0;0;-0.154839922;0.4909225;0
1;20;2.062863902;0;1;0;1;0;0;0;0;1;0;0;0;0;0.233021507;0.5855;1
1;22;1.28078276;0;1;0;1;0;0;1;0;0;0;0;0;0;0.123884293;0.735333333;1
1;19;1.932516379;0;1;0;1;0;0;0;0;0;0;0;1;0;0.113976758;0.662333333;1
1;17.6;1.635452571;0;1;0;1;0;0;1;0;0;0;0;0;0;0.176409625;0.71;1
1;25;1.247272399;1;0;0;1;0;0;0;0;0;0;1;0;0;0.487152522;0.544;0
1;26.4;1.548302395;1;0;0;0;1;0;1;0;0;0;0;0;0;0.456381218;0.621;0
1;16.5;1.751793603;1;0;0;1;0;0;1;0;0;0;0;0;0;0.477135731;0.5515;0
1;15.5;1.727598794;1;0;0;1;0;0;1;0;0;0;0;0;0;0.303217664;0.50182;0
1;22;0.377429938;1;0;0;1;0;0;1;0;0;0;0;0;0;-0.479167251;0.61;1
1;14.6;1.436747117;0;1;0;0;0;0;0;0;1;0;0;0;0;-0.187019834;0.570777778;0
1;28.5;0.741868205;0;1;0;1;0;0;0;0;0;0;0;1;0;-0.161087973;0.573275;0
1;6;1.093928596;0;1;0;1;0;0;0;0;1;0;0;0;0;-0.221776373;0.6;0
1;15;1.051941782;0;1;0;0;1;0;1;0;0;0;0;0;0;-0.259558355;0.583237733;0
1;16;1.500394928;0;1;0;1;0;0;0;0;0;0;1;0;0;-0.054974799;0.67;0
1;20;1.237512562;0;1;0;0;1;0;0;1;0;0;0;0;0;-0.133653577;0.593975306;0
1;21.2;1.222869599;0;1;0;0;0;0;0;0;1;0;0;0;0;-0.105997954;0.6162;0
1;13;1.496810448;0;1;0;0;1;0;0;0;0;0;0;1;0;-0.330900166;0.82;0
1;14;1.583064501;0;1;0;1;0;0;0;0;0;0;1;0;0;-0.336676066;0.70075;0
1;14.5;1.419323681;0;1;0;0;1;0;1;0;0;0;0;0;0;-0.397831449;0.70075;0
1;17.47;1.242419897;0;1;0;1;0;0;0;0;0;0;1;0;0;0.087639468;0.70075;0
1;13.2;0.919712356;0;1;0;1;0;0;0;0;0;0;1;0;0;-0.487983031;0.70075;0
1;8.6;1.369488278;0;1;0;1;0;0;1;0;0;0;0;0;0;-0.508498234;0.6;0
1;20;1.627699743;0;1;0;1;0;0;0;0;1;0;0;0;0;-0.3801765;0.601;1
1;22;1.13812793;0;1;0;1;0;0;0;0;0;0;0;1;0;-0.3801765;0.706666667;1
1;20.6;0.4036196;0;1;0;1;0;0;0;0;1;0;0;0;0;-0.3801765;0.717333333;1
1;19.5;0.985430861;0;1;0;1;0;0;0;0;0;0;1;0;0;-0.356448631;0.59;1
1;14.4;1.2185998;0;1;0;1;0;0;1;0;0;0;0;0;0;-0.3801765;0.9;1
1;22.8;1.154116035;0;1;0;1;0;0;1;0;0;0;0;0;0;-0.3801765;0.581926829;1
1;19.2;1.237498988;0;1;0;1;0;0;0;0;1;0;0;0;0;-0.386052523;0.570636364;1
1;18.8;1.477721321;0;1;0;1;0;0;0;0;1;0;0;0;0;-0.387110231;0.5272;1
1;3.45;1.674445833;1;0;0;0;1;0;1;0;0;0;0;0;0;0.653222165;0.61425;1
1;20;1.779460369;1;0;0;0;1;0;1;0;0;0;0;0;0;0.653222165;0.61425;1
1;29.5;1.732362584;0;1;0;0;1;0;0;1;0;0;0;0;0;0.161397953;0.719;0
1;13.5;1.29302989;0;1;0;1;0;0;0;0;0;0;1;0;0;0.161397953;0.65;0
1;14.6;1.520505234;0;1;0;0;1;0;0;0;0;0;1;0;0;0.230474467;0.95;0
1;25;1.688410285;0;1;0;0;1;0;0;0;0;0;0;1;0;0.230474467;0.901487257;0
1;16.4;1.463873215;0;0;0;1;0;0;0;0;1;0;0;0;0;0.08817154;0.6422;1
