Effort;Fragment_area;Declivity;Northness;Eastness;Precipitation;Temperature;Bioclimatic_stress;Human_influence;Soil_quality;parcelas
0.021189299;3.422271306;1.278776458;-0.359072421;0.9333097;1401;21.79808426;0.224245218;21.00259141;9;1
0;3.202624524;1.204147125;0.80377546;0.594932778;1567;22.6513958;0.253154461;21;9;1
0.214843848;2.717670503;0.000434077;-0.171687645;-0.985151436;1859;18.18333324;0.517841422;11;8;1
0;2.146128036;1.255296632;-0.971592191;0.236661393;1321;24.34861183;0.381408936;17;9;1
-0.301029996;2.342422681;1.204147125;0.982779582;0.184781745;1321;24.34861183;0.381408936;17;9;1
0.079181246;3.946863765;0.301247089;-0.871132599;-0.491047854;1642;24.3332653;0.204632086;18;9;1
0;1.698970004;0.602168551;-0.899879974;0.436137629;980;24.62005615;0.460792664;23.24953026;5;1
0;3.892548148;1.146159056;0.967242936;0.25385252;977;24.49198151;0.460792664;24.81708771;5;1
0.033423755;3.747271164;1.041432165;-0.471625713;-0.881798836;769;20.58688354;0.449798429;16.53818431;5;1
0;2.829406705;1.322239975;-0.934889706;-0.354938358;1658;24.78490257;0.064326;37.77347524;9;1
0;3.980911938;0.301247089;0.996830993;-0.079548543;1381;22.38105965;0.149722125;5;11;1
0.301029996;3.980911938;0.477265995;0.99749392;0.070752236;1382;22.35672379;0.148883125;5;11;1
0;1.869700974;1.079217436;0.275192319;-0.961389197;715;20.53466225;0.465588961;20.96674732;7;1
0;3.371067862;1.462412973;0.232359102;0.972630067;1153;21.54213905;0.251695015;14;7;1
0.012837225;1.699143687;1.278776458;-0.666938062;0.74511316;1097;22.76247787;0.176523539;30.95593063;11;1
-0.301029996;1.380573003;1.041432165;0.925136093;0.379635627;1272;24.19519234;0.354970757;17.08938526;9;1
-0.26760624;2.63113925;1.146159056;-0.66029407;-0.751007151;1785;24.67903328;0.203356211;45;9;1
0.017033339;2.606166315;0.778223627;0.03982088;-0.999206834;1821;24.35942459;0.115734211;50;9;1
0.033825694;3.041392685;1.414990051;0.440143022;-0.897927681;1190;24.47268105;0.128929086;21.53930074;6;0
-0.301029996;3.758154622;0.000434077;0.984381951;-0.176045946;826;23.33993149;0.553900096;14;9;1
0;1.447158031;0.000434077;0.525321989;0.850903525;1414;26.21503639;0.223129757;45;10;1
-0.22184875;1.113943352;1.39795738;-0.057472431;-0.998347094;1352;21.36255074;0.092563086;27.49412744;6;1
0.207634367;2.731609035;1.208550191;0.3494466;0.936956282;1311.531928;21.22250329;0.105431105;20.62105176;6;0
-0.211124884;1.398287305;1.113976758;-0.999647456;-0.026551154;1198;22.31766891;0.25417675;18;6;0
0;1.477121255;0.778223627;0.127993586;-0.991774996;1526;20.24667168;0.048512203;42;8;1
0;1.45331834;0.602168551;0.984381951;-0.176045946;1523;20.31704712;0.051628203;36.62484985;8;1
0.698970004;3.602059991;0.477265995;-0.74805753;-0.663633884;1525;20.091856;0.055149414;28.20456785;8;1
0;4.477121255;0.301247089;-0.455942276;-0.890009349;1554;20.52643204;0.060800586;14;9;1
0;3.602059991;0.301247089;-0.119210065;0.992869055;1529;20.29981613;0.038263414;27.5025074;9;1
0;1.606381365;0.000434077;0.525321989;0.850903525;1530;20.24950218;0.058116586;40.31086156;8;1
0;1.477121255;1.079217436;-0.899879974;0.436137629;1567;21.70471191;0.059670375;26.10711504;8;1
0;2.053040009;0.90314427;0.455969104;-0.889995604;1601;21.97143555;0.037635375;16.43192834;9;1
0;3.602059991;0.301247089;-0.119210065;0.992869055;1529;20.29981613;0.038263414;27.5025074;9;1
0.264817823;1.529173603;0.699056855;0.6669156;0.745133265;1524;20.48985481;0.047188414;33.62213854;9;1
0.041392685;3.602059991;0.301247089;-0.967250588;0.253823363;1528;20.43783951;0.038263414;28.15268473;9;1
0.022840611;1.971739591;0.699056855;0.206482229;-0.978450351;1503;21.35281563;0.073813375;29.24393106;9;1
-0.235823868;0.940018155;0.301247089;-0.092776205;-0.995686987;1525;20.53802872;0.041025414;14.20920575;8;0
-0.294992041;1.4448252;0.845160078;-0.066336936;0.997797279;1525;20.53802872;0.041025414;14.16698247;8;0
0;2.698970004;0.000434077;-0.591369684;0.806400581;1541;21.085783;0.082040961;39.33512335;8;1
-0.096910013;1.922465945;1.041432165;0.653620807;0.756822199;1541;20.33322716;0.045067203;30;8;1
-0.107905397;2;1.041432165;0.653620807;0.756822199;1541;20.33322716;0.045067203;30;8;1
0.198657087;2;1.041432165;0.653620807;0.756822199;1541;20.33322716;0.045067203;30;8;1
-0.204119983;1.176091259;-3;1;0;1528;20.62367249;0.041025414;24.64391678;8;0
-0.119186408;2.039810554;1.449615604;-0.003501909;0.999993868;1222;22.19393539;0.232508289;26.00139332;6;1
-0.301029996;1.477121255;0.301247089;-0.359072421;0.9333097;1295;23.51892853;0.204198836;15.2535282;7;1
-0.301029996;1.602059991;0.477265995;-0.048663609;0.998815225;1442;24.02576447;0.126973711;18;9;1
0.397940009;2.737486845;0.845160078;-0.249569309;0.968356938;1179;22.89517975;0.28532464;25.98431811;6;1
-0.017728767;1.716337288;1.041432165;0.334165383;-0.942514455;1230;20.09414482;0.126167461;27.39156777;9;1
0;2.243658027;0.000434077;0.375509598;0.926818505;1251;23.41412926;0.304253257;21.96398899;7;1
-0.301029996;2.243658027;0.000434077;-0.171687645;-0.985151436;1251;23.40072616;0.304253257;20.97898569;7;1
0.301029996;1.812913357;0.000434077;0.6669156;0.745133265;1124;23.29157257;0.321341297;22;7;1
-0.031517051;4.250457331;0.602168551;0.367319368;-0.930094878;1283;23.51498032;0.168747664;14.27682575;9;1
-0.229147988;1.893650817;0.602168551;0.998082961;-0.061890251;1267;23.51989365;0.170896243;14;9;0
0.380211242;2.653212514;1.30105171;0.996085171;0.088398712;1189;22.79418564;0.28703664;20.19041008;6;1
0.380211242;2.753659647;1.146159056;-0.997496053;0.070722167;1189;22.79908752;0.28703664;19.29760972;6;1
0.051152522;3.278753601;0.000434077;0.525321989;0.850903525;1367;23.82190323;0.137107711;14.61943837;9;1
-0.397940009;0.976349979;1.113976758;-0.699229257;-0.714897508;1311.5;23.53647804;0.310076047;38.47834011;7;1
0;4.384711743;0.477265995;0.941036507;-0.338305028;1273;23.39920044;0.155233664;14;9;1
0;2.436162647;0.954290762;0.275192319;-0.961389197;1645;22.97181892;0.111311071;24.9241642;6;1
0;1.653212514;0.301247089;-0.680023496;0.73319032;1574;20.48715973;0.108149914;22;7;1
0;1.301029996;0.778223627;-0.973642018;-0.228081609;1677;24.45200157;0.1712986;15;11;1
0.602059991;4.755874856;0.301247089;-0.771080223;0.636738007;1641;23.08525276;0.144665836;7;8;1
0;1.255272505;0.301247089;-0.448073616;0.893996664;1692;24.58789253;0.1679726;13.13291372;10;1
0;1.079181246;0.602168551;-0.787695942;-0.616064204;1662;24.08304596;0.180325593;19;8;1
0.380211242;2.537819095;0.301247089;0.879702927;-0.475523669;1681;24.41052246;0.1722866;10;11;1
0;3;0.778223627;-0.334136971;-0.942524527;1623;21.73509979;0.130493086;17.73994824;9;1
-0.301029996;3;1.255296632;-0.993386919;-0.114814759;1622;21.67051125;0.123285086;18;9;1
-0.301029996;3;1.255296632;-0.993386919;-0.114814759;1622;21.67051125;0.123285086;18;9;1
0.146128036;3;0.954290762;0.6669156;0.745133265;1622;21.73509979;0.123285086;17.77543498;9;1
0;1.968482949;1.041432165;-0.928460125;-0.371432089;1661;23.8984642;0.111411414;17.97591958;9;1
-0.287350298;1.5303608;0.763531882;-0.620554395;-0.784163403;1551.560078;23.08297943;0.190367342;27.50936629;8;0
0;1.672836454;0.477265995;-0.981105523;-0.193473392;1551;22.87298775;0.194026328;26.05982482;8;1
0;1.212187604;0.954290762;-0.996828595;-0.079578592;1877;21.64791107;0.054619797;19.91943259;9;1
0;1.84509804;1.30105171;0.981111354;-0.193443817;1658;23.84425926;0.131182157;13.35664383;9;1
0;1.477121255;1.230474467;0.819305529;-0.573357175;1658;23.84425926;0.131182157;13.77283501;9;1
0;2.465382851;0.778223627;0.066306858;0.997799279;1776;22.29425812;0.050404078;12.90009562;9;1
0;1.818885415;0.954290762;0.653666434;-0.756782791;1598;19.25312042;0.031251179;16.99588364;9;1
0;2.161368002;1.041432165;0.857787599;0.514004314;1510;21.20531464;0.170310586;19.5011686;8;1
0;1.10720997;0.934548948;-0.626158092;-0.779696123;1625.4;20.69895409;0.137985801;27.18840022;9;1
0.204119983;2.321660557;0.602168551;-0.960161863;-0.279444442;883;23.58352661;0.368627953;18;8;1
0;2.301029996;0.602168551;-0.931722362;0.363171365;1524;21.22890663;0.146882547;24.86211173;8;1
0.079181246;1.643452676;1.113976758;-0.206452734;-0.978456575;1504;22.70778847;0.185878586;18.28285805;8;1
0.079181246;1.230448921;1.278776458;0.350797342;-0.9364514;1526;22.06719589;0.158329172;20.9959104;9;1
0.079181246;1.832508913;1.414990051;-0.67348488;-0.739200999;1526;22.06719589;0.158329172;18.68136867;9;1
-0.096910013;1.049218023;0.778223627;-0.999020813;-0.044242678;1517;20.40849686;0.108353172;54.69686236;7;1
0.204119983;1.79560198;0.699056855;0.416174247;-0.909284882;1519;21.01582146;0.117092172;24.38282066;7;1
0;4.069601875;1.113976758;-0.619544275;0.784961713;1346;15.2233572;0.040704164;14;8;1
0;2.491361694;1.278776458;0.899866827;0.436164755;1578;20.47521782;0.161007711;17.89682356;9;1
0.079181246;2.615434481;1.255296632;-0.7421744;0.670206804;1558;20.86839294;0.163975711;23.47721525;9;1
0.113943352;2.078456818;0.477265995;0.776685982;-0.629887994;1300;23.71972084;0.191509836;13.21534958;8;1
0.507855872;1.742803658;1.079217436;-0.793136419;0.609044022;1629;13.98562145;-0.012160214;10;10;1
0.255272505;1.90579588;1.477135731;-0.941026309;-0.338333394;1594;16.29601288;0.054441297;15.31967293;9;1
-0.187086643;1.54344718;0.778223627;0.730173561;0.683261715;1559;20.56970024;0.165966;19.38392953;9;1
0.017033339;1.123524981;1.361746718;-0.605551864;0.795805843;1615;15.96504593;0.015544836;18;10;1
-0.045757491;1.921946454;0.301247089;-0.67348488;-0.739200999;1686;19.84089088;0.086928757;40.21258673;9;1
0.301029996;2.403120521;0.477265995;0.375509598;0.926818505;1077;23.64801598;0.267336693;13;10;1
-0.236572006;2.278753601;0.699056855;0.975622698;0.219454668;1580;16.53910446;0.03436225;30.49917793;9;1
0.301029996;2.463325498;0.000434077;-0.598460069;-0.801152636;1329;22.73863983;0.202376836;11.53143797;10;1
0.477121255;2.678609417;0.000434077;-0.598460069;-0.801152636;1325;22.71505547;0.209605218;9;9;1
0.73239376;2.900913068;0.301247089;-0.359072421;0.9333097;1342;22.85525131;0.202339836;13.17672023;10;1
0.301029996;2.433033389;0.477265995;0.979354596;0.202149881;1235;22.93318939;0.282662679;18.38102031;9;1
0;1.809761665;0.90314427;-0.74805753;-0.663633884;1519;14.54924774;0.016290625;12.01597549;10;1
-0.124938737;3.279584822;0.90314427;-0.180430449;0.983587745;1556;12.91074181;0.013376625;14;10;1
0.301029996;2.259665539;1.146159056;-0.432177945;0.901788348;1450;13.95567226;0.039583207;10;9;1
-0.124938737;3.288197787;1.000043427;-0.964958119;-0.262403942;1556;12.91074181;0.013376625;14;10;1
0.146128036;1.878521796;0.301247089;0.083959437;0.996469173;1064;22.36311913;0.277756328;18.87728474;9;1
0.954242509;3.169968174;1.000043427;-0.973642018;-0.228081609;1469;21.92721558;0.161818172;20.04929519;8;1
-0.179142011;0.9184928;0.863328432;-0.14834614;-0.9889355;1011.850453;21.85568349;0.36619445;17.11311065;7;0
0.176091259;1.970021266;0.699056855;-0.969451973;-0.245281209;1557;18.04724693;0.06821625;18.66069106;9;1
0;2.079181246;-3;1;0;1496;20.19573402;0.121060789;37.45018486;9;1
0.301029996;2.794488047;0.699056855;-0.899879974;0.436137629;1428;22.88025475;0.175530328;16;9;1
0.079181246;1.556302501;0.954290762;0.54770404;0.836672149;1627;15.71590137;0.032436882;14;9;1
0.041392685;2.187520721;0.954290762;-0.119210065;0.992869055;1620;17.97842216;0.06426825;18.05252234;9;1
0.556302501;3.044931546;0.301247089;-0.996828595;-0.079578592;1146;23.02638817;0.2530145;10;10;1
0.322219295;1.904174368;0.954290762;-0.829309833;-0.558789049;1096;21.37220764;0.258094797;16.83882488;7;1
0.397940009;2.757396029;1.204147125;-0.110387244;-0.993888654;1097;21.17386055;0.249665047;15.10840552;7;1
0;3.053846427;0.845160078;-0.119210065;0.992869055;1106;21.38639832;0.242708039;18.58701263;7;1
0;3.053846427;1.255296632;0.49487222;0.868965756;1110;21.70197678;0.242708039;25.03000024;7;1
0.204119983;1.797890483;0.699056855;-0.448073616;0.893996664;1450;22.72554398;0.197591118;8.386718145;8;1
0.612783857;2.480840219;0.301247089;-0.996828595;-0.079578592;1008;22.96147156;0.283175625;4.403193842;10;1
0;1;0.83511959;-0.999666692;0.025816765;1647;19.73011208;0.167386547;24.4918942;9;1
-0.096910013;1;1.000043427;-0.057472431;-0.998347094;1650;19.08959007;0.158886547;20.18529711;9;1
0;2.214048679;0.000434077;-0.996087835;0.088368686;1422;21.82270241;0.182232532;10;9;1
0.301029996;2.086359831;0.602168551;0.15425145;-0.988031624;1381;21.95616341;0.243285382;20.23165709;9;1
0.079181246;1.820923588;0.301247089;0.6669156;0.745133265;1376;22.1306572;0.237715382;26;9;1
0.079181246;1.773054693;0.000434077;-0.448073616;0.893996664;1377;21.65107727;0.245109382;22.17544256;9;1
0.322219295;2.089905111;0.845160078;-0.440115955;-0.897940948;1377;21.7161274;0.245109382;19.12669086;9;1
-0.096910013;1.602059991;1.322239975;-0.12796369;-0.991778853;1420;19.1070652;0.0784845;14.86075322;9;1
0.120573931;1.73239376;1.361746718;0.973648893;-0.22805226;1265;20.30877495;0.141101039;33.22585248;9;1
0;3.279584822;1.176120211;-0.350769113;-0.936461974;1567;13.65085125;0.009675625;14;10;1
0;1.013679697;1.30105171;0.591345375;0.806418407;1570;14.31645679;0.016784625;17.04543696;10;1
0;1.002166062;1.322239975;-0.471625713;-0.881798836;1572;13.54758835;0.016784625;14.84314437;10;1
-0.283996656;0.540329475;1.322239975;-0.471625713;-0.881798836;1572;13.54758835;0.016784625;14.84314437;10;1
-0.283996656;1.55278985;1.30105171;0.673507162;-0.739180697;1556;13.47088432;0.007230625;14.06304791;10;1
0.176091259;2.454981984;0.000434077;0.985896582;0.1673557;1525;23.0970993;0.092462907;13.28868712;8;1
-0.124938737;1.180412633;0.000434077;-0.996087835;0.088368686;1169;23.28087044;0.356906172;25.7454019;9;1
-0.22184875;1.162862993;0.000434077;-0.292138809;0.956375928;1124;23.38206863;0.291599532;13.71872818;9;1
0.021189299;1.63748973;0.000434077;-0.448073616;0.893996664;1534;21.0414772;0.183155164;26;9;1
-0.124938737;1.852052809;0.301247089;-0.996828595;-0.079578592;1528;20.93795395;0.187317375;30;9;1
-0.045757491;1.635081436;0.301247089;-0.66029407;-0.751007151;1534;20.95089531;0.183155164;27.51039082;9;1
0.064457989;1.361727836;1.39795738;0.350797342;-0.9364514;1605;18.80924034;0.110672203;23.53590461;9;1
0.176091259;2.789580712;0.000434077;0.375509598;0.926818505;880;20.60407448;0.399506703;16.7691119;8;1
0;1.20790353;0.602168551;0.862318872;-0.506365641;1620;19.30083847;0.115250961;19.50708588;9;1
0;2.026982443;0.477265995;0.969459367;-0.245251985;1568;23.11678696;0.087716907;29.34744001;8;1
0.556302501;2.209515015;0.000434077;0.78221211;0.623012211;1121;19.62721825;0.157989696;14;7;1
-0.22184875;4.344392274;1.255296632;0.15425145;-0.988031624;1646;13.54261398;0.009590039;18.84847173;10;1
-0.22184875;0.624282096;1.278776458;0.92175127;-0.387781635;1651;14.73670769;0.009590039;18;10;1
-0.22184875;4.344392274;1.204147125;-0.724097197;-0.689697941;1705;11.7259264;0.009590039;14.22859705;10;1
-0.22184875;4.344392274;0.699056855;-0.862303608;-0.506391635;1711;11.45791626;-0.076612336;16.26061926;10;1
-0.22184875;4.344392274;1.380229337;0.633319203;0.773890682;1658;12.62283039;0.009590039;17.03274201;10;1
-0.075720714;0.877946952;0.778223627;0.907446781;0.420167037;1651;18.92683601;0.087356618;24.9693302;9;1
0.602059991;3.638489257;0.477265995;0.576977559;0.81676;920;23.85512161;0.403840311;13;5;1
0.903089987;4.124289633;0.000434077;0.517795589;-0.855504371;946;23.65691757;0.350026164;16.47896521;5;1
-0.070581074;1.934094268;0.000434077;0.6669156;0.745133265;820;24.11686707;0.461446368;16.61494145;7;1
0;2.462397998;0.699056855;-0.793136419;0.609044022;953;22.82430077;0.317948767;15.64911278;5;1
0.51851394;2.688704512;0.301247089;0.971585056;0.236690681;1124;23.32036018;0.253893679;16.00392708;10;1
0.204119983;1.515873844;0.477265995;0.258130759;-0.966109989;1035;23.80486679;0.319362693;22;10;1
0.113943352;1.874017704;0.000434077;0.367319368;-0.930094878;1034;23.86077118;0.331981836;22.87351239;10;1
-0.15490196;0.176091259;0.778223627;0.576977559;0.81676;1030;23.92231941;0.307003836;27.2809304;10;1
-0.301029996;1.477121255;0.000434077;-0.591369684;0.806400581;1044;23.42771721;0.268714475;18;10;1
0.079181246;2.079181246;0.301247089;-0.448073616;0.893996664;1017;24.03942871;0.348865882;18;10;1
0.176091259;2.609477016;1.30105171;0.78221211;0.623012211;949;22.36327934;0.317688461;17.6201394;9;1
0.096910013;1.931457871;0.477265995;-0.931722362;0.363171365;1185;23.21791267;0.363120843;13.6924915;9;1
0.301029996;3.818555779;0.477265995;0.984381951;-0.176045946;831;20.69730568;0.385776446;16.4554577;8;1
0.255272505;1.825101412;0.699056855;-0.995263706;-0.097211908;1081;21.36003876;0.230496047;12.10611737;7;1
-0.301029996;2.05422991;1.255296632;-0.494898415;0.868950838;1512;18.68853569;0.018443207;33.78383304;9;1
0.193124598;2;1.079217436;0.308994059;0.951063968;1105;21.56796646;0.241125968;16.26295611;8;1
0.193124598;1.72427587;1.278776458;-0.67348488;-0.739200999;1098;20.78752136;0.234544968;13.37816901;8;1
0.176091259;2.218167748;0.699056855;0.765414052;-0.643538133;1512;20.99110413;0.171444164;20.48496881;9;1
-0.124938737;1.180985581;0.000434077;-0.119210065;0.992869055;1169;23.28087044;0.356906172;25.69304276;9;1
0.278753601;3.134686993;1.556314564;0.066306858;0.997799279;1577;19.10410881;0.138406789;26.39553816;8;1
-0.022276395;1.639386869;0.000434077;0.984381951;-0.176045946;1335;22.8283844;0.243025868;14;9;1
-0.070581074;1.250420002;0.699056855;0.416174247;-0.909284882;1340;22.8950386;0.249619868;19.55472806;9;1
0.064457989;0.600972896;1.30105171;-0.075136091;-0.997173289;1630;19.48906517;0.103229757;49.52529241;9;1
0.283301229;2.139973488;0.778223627;-0.066336936;0.997797279;1612;17.76646233;0.097466757;16.52764261;9;1
0.702430536;0.792391689;0.477265995;-0.206452734;-0.978456575;1628;19.30541039;0.103229757;52.0483841;9;1
0.204119983;1.071882007;0.699056855;-0.424151709;-0.905591148;1624;19.35743713;0.103229757;52.60710063;9;1
0.318063335;0.942008053;1.000043427;0.999022147;-0.044212563;1631;19.09963417;0.103229757;49.93890234;9;1
0.380211242;2.139973488;1.361746718;0.798496186;-0.601999868;1613;17.9236412;0.097466757;14;9;1
0.702430536;0.763427994;1.000043427;0.798496186;-0.601999868;1629;19.08837128;0.103229757;51.27287096;9;1
0.033423755;1;0.477265995;0.918270851;0.395952831;1612;18.77233887;0.097466757;24.73103365;9;1
0.049218023;0.990338855;1.342442421;0.619520613;0.784980389;1649;19.53690338;0.100434757;29.78063848;9;1
0.77815125;3.69019608;0.301247089;-0.67348488;-0.739200999;1028;20.41655922;0.2525445;18;7;1
0.361727836;2.011528154;1.30105171;0.705529644;0.708680408;1549;16.0467968;0.015757996;14;9;1
0;1.698970004;1.462412973;0.705529644;0.708680408;1543;18.34105682;0.041476371;18.76430443;10;1
0.10720997;1.886490725;0.845160078;-0.626444448;-0.77946607;1609;19.09938812;0.121589961;29.44088575;9;1
-0.070581074;2.035029282;0.954290762;-0.022096619;-0.99975584;932;21.13200569;0.326306453;14;11;1
0.352182518;1.631443769;0.778223627;0.471652294;-0.881784619;938;20.9330864;0.326306453;19.54967663;11;1
0.197280558;1.31386722;1.322239975;-0.110387244;-0.993888654;1604;18.79253006;0.108479196;18;9;1
0.079181246;1.67669361;0.477265995;0.640167498;-0.768235364;826;24.43917656;0.455866782;19.58403219;10;1
-0.283996656;2.050147658;0.301247089;0.931711414;0.363199451;818;24.44997787;0.478547203;24.16281655;10;1
-0.124938737;0.894869657;0.602168551;0.89200487;0.452025787;818;24.44997787;0.478547203;22.67640765;10;1
0.77815125;3.799340549;0.477265995;0.640167498;-0.768235364;854;24.19562721;0.457350596;21.19662297;10;1
-0.283996656;2.050147658;0.301247089;0.931711414;0.363199451;818;24.44997787;0.478547203;24.16281655;10;1
-0.283996656;2.050147658;0.301247089;0.931711414;0.363199451;818;24.44997787;0.478547203;24.16281655;10;1
0;3.709770129;0.301247089;-0.455942276;-0.890009349;1576;19.48851395;0.126894203;21.89749801;9;1
-0.070581074;1.933639113;0.778223627;-0.967250588;0.253823363;820;24.11686707;0.461446368;16.21846129;7;1
0.602059991;2.462397998;0.301247089;0.748077534;-0.663611334;820;24.29787445;0.458324392;20;5;1
0.84509804;4.130333768;0.477265995;0.367319368;-0.930094878;815;24.30476952;0.457234368;12.63384985;6;1
0.903089987;3.80104611;0.477265995;0.839087928;-0.543995817;850;24.03855133;0.460070407;12.48046328;5;1
0.591064607;2.375444126;0.477265995;-0.969451973;-0.245281209;983;23.25943947;0.323585985;14.07835955;9;1
0.146128036;2.303347278;0.699056855;-0.325809805;0.945435334;879;20.67759895;0.355683843;15.44715542;8;1
0.176091259;2.396199347;0.000434077;-0.455942276;-0.890009349;1419;21.74333763;0.164606172;20;9;1
0.397940009;1.985875357;0.000434077;-0.171687645;-0.985151436;1227;21.06497002;0.207614375;8.220569928;12;1
0.322219295;2.214048679;0.301247089;0.206482229;-0.978450351;1213;20.91064835;0.229781147;6.18743331;12;1
0.176091259;2.189406086;0.602168551;-0.448073616;0.893996664;904;23.04457092;0.405937743;22;11;1
0.301029996;2.830672055;0.000434077;-0.283691091;0.958915723;1258;22.99943733;0.301457304;31.14853783;9;1
0.079181246;2.198657087;0.778223627;-0.984376643;-0.17607562;1014;23.9355793;0.348865882;18;10;1
0;2.653212514;1.000043427;-0.95241298;-0.304810621;1479;22.41186523;0.159661789;21.01036357;9;1
-0.22184875;1.593728999;0.477265995;0.971585056;0.236690681;1391;20.71121025;0.130899843;22.16341487;9;1
-0.301029996;1.203848464;0.699056855;0.127993586;-0.991774996;1379;20.97480774;0.167717218;23.85428617;8;1
0;1.348304863;0.000434077;0.78221211;0.623012211;1479;22.82268143;0.11472311;16.40389088;9;1
0.06069784;1.682145076;0.477265995;-0.448073616;0.893996664;1478;22.82073975;0.12609311;15;9;1
0.176091259;2.554610285;0.000434077;0.525321989;0.850903525;1530;20.38652611;0.084212797;19.46347004;9;1
0;2.308777774;0.301247089;-0.180430449;0.983587745;1394;20.98418808;0.149104054;41.81577553;8;1
-0.292429824;4.567026366;1.041432165;-0.283691091;0.958915723;1420;22.13345528;0.224124571;16;9;0
-0.142667504;1.480006943;1.255296632;0.705529644;0.708680408;1586;18.27838707;0.053398711;18.87659075;9;1
0.079181246;1.477121255;1.278776458;-0.996828595;-0.079578592;1586;18.27838707;0.053398711;18.53819062;9;1
0.096910013;1.735838334;0.602168551;0.903705112;-0.428155428;1041;23.63700294;0.294450789;13.14156864;10;1
0.342422681;2.14504094;1.255296632;0.308994059;0.951063968;1533;19.4645443;0.136834882;26;9;1
0.041392685;2.828447208;1.176120211;0.798496186;-0.601999868;1602;17.68997192;0.106803625;42.47203823;8;1
0.049218023;2.828447208;0.845160078;0.984381951;-0.176045946;1613;16.12482834;0.101234625;39.49799516;8;1
0.531478917;2.540667267;0.301247089;0.6669156;0.745133265;1347;21.16745377;0.183857593;10;8;1
0.301029996;2.433129518;0.477265995;0.78221211;0.623012211;1464;22.62426376;0.177394547;11.12437264;8;1
0;1.021189299;1.176120211;-0.803793393;0.594908548;1631;17.88357735;0.083585461;19.30783971;9;1
0.096910013;1.608205008;0.301247089;0.308994059;0.951063968;1041;23.63700294;0.294450789;14.30078021;10;1
0.204119983;2.417471693;0.000434077;0.525321989;0.850903525;1226;23.27105904;0.238372297;8;10;1
1.235528447;3.60700441;0.301247089;0.853220108;-0.521551002;1189;23.33944321;0.261749039;11;10;1
0.301029996;2.158302169;0.301247089;0.711795929;-0.702386329;857;23.21785927;0.3782135;22.74739246;7;1
0.176091259;2.771771154;0.301247089;0.949677698;0.313228782;853;20.99657822;0.348353164;20.84072017;7;1
0.033423755;0.69019608;0.477265995;-0.206452734;-0.978456575;1620;19.55244064;0.158053;14;8;1
-0.045757491;2.414973348;1.041432165;-0.809009907;-0.587795007;1538;18.86119843;0.117759993;34.0452813;8;1
-0.045757491;2.414973348;0.845160078;-0.981105523;-0.193473392;1540;18.98028946;0.117759993;30;8;1
0.301029996;2.858825829;0.301247089;-0.705551007;0.70865914;1033;22.39503479;0.277481172;20.53275749;9;1
0;1.84509804;0.477265995;0.275192319;-0.961389197;1595;21.31905556;0.139116328;19.34226644;8;1
-0.22184875;1.122543524;0.699056855;-0.598460069;-0.801152636;1597;21.20329285;0.135106125;34.69384028;8;1
-0.22184875;0.544068044;0.602168551;0.432150761;0.901801375;1600;20.99897575;0.135283125;39.46270459;8;1
-0.22184875;0.522444234;0.845160078;-0.717985084;0.696058488;1598;21.29050636;0.133459125;46;8;1
0.041392685;1.146438135;1.146159056;-0.619544275;0.784961713;1524;22.22113037;0.164734172;18;9;1
-0.207608311;1.132579848;0.000434077;-0.591369684;0.806400581;1519;20.51456833;0.151185757;57.56524625;8;1
0;1.768860001;0.602168551;0.197784025;0.980245622;1514;20.95774841;0.155116757;46.06843363;8;1
0;1.477121255;0.954290762;-0.787695942;-0.616064204;1531;20.62348366;0.138820757;49.70447238;9;1
0.176091259;1;0.845160078;0.424179007;-0.905578362;1528;21.1137085;0.159922968;14;8;1
0;1.750508395;0.301247089;-0.717985084;0.696058488;1507;20.98439598;0.151753757;30;8;1
-0.167491087;2.612253906;0.477265995;-0.907459447;0.420139682;1526;21.43211555;0.158378968;14;8;1
0;1.348304863;0.602168551;-0.7421744;0.670206804;1523;20.59366035;0.151185757;50.76013029;8;1
0;1.544068044;0.954290762;-0.95765948;-0.287903317;1525;20.59462166;0.146431757;56.40108576;8;1
0.017033339;1.322219295;0.90314427;0.98999675;-0.141090165;1525;20.59462166;0.146431757;56.20956568;8;1
0;1.173186268;1.041432165;-0.875459459;0.483291564;1562;20.6280098;0.137137375;25.80206131;9;1
0;2.484071953;1.146159056;-0.232388421;0.972623062;1526;21.48059082;0.164734172;19.68024161;9;1
0;2.612253906;0.477265995;-0.931722362;0.363171365;1529;21.1137085;0.159922968;14;8;1
0;0.301029996;1.342442421;0.463802163;0.885938798;1527;19.88650322;0.028597582;50.9267948;9;1
-0.204119983;0.970811611;0.477265995;-0.598460069;-0.801152636;1170;23.58375359;0.262292039;19.47585758;10;1
0;1;0.954290762;0.903705112;-0.428155428;1573;19.21594238;0.175620368;45.10691284;9;1
0.176091259;2.381962978;0.699056855;0.80377546;0.594932778;989;21.81060982;0.3339401;25.47443819;7;1
0.204119983;2.323850004;1.414990051;0.626467944;-0.779447185;1816;17.17349243;0.015285086;18.55089163;10;1
0;2.010427173;0.954290762;-0.18909982;-0.98195787;1344;19.52726173;0.149219461;45.1172352;9;1
-0.301029996;1.681241237;1.30105171;-0.075136091;-0.997173289;1364;18.97232437;0.142118461;15.51704169;9;1
0;2.010427173;1.176120211;0.605527875;0.795824097;1344;19.30600739;0.149219461;46.22305585;9;1
0;2.407645797;1.380229337;-0.092776205;-0.995686987;1342;19.05398369;0.138533461;39.03631188;9;1
-0.301029996;1.544068044;1.000043427;-0.960161863;-0.279444442;1337;19.17844391;0.138533461;36.23578821;9;1
0.079181246;2.386306299;0.477265995;0.839087928;-0.543995817;1343;18.9856739;0.138533461;20.51529599;9;1
0;2.010427173;1.000043427;-0.471625713;-0.881798836;1340;19.57234573;0.149219461;44.84451575;9;1
0;1.033423755;1.230474467;0.899866827;0.436164755;1344;19.38793945;0.150433461;48.46072307;9;1
0.041392685;1.733036683;1.041432165;0.479412311;0.877589788;1344;19.32485008;0.142048461;45.11998557;9;1
0.176091259;1.733036683;1.041432165;0.479412311;0.877589788;1344;19.32485008;0.142048461;45.11998557;9;1
0;2.010427173;1.000043427;0.022126756;-0.999755173;1340;19.57234573;0.149219461;46.30271221;9;1
0;1.544068044;0.954290762;0.283662185;-0.958924275;1337;19.17844391;0.138533461;36.48274831;9;1
-0.301029996;1.544068044;0.954290762;0.283662185;-0.958924275;1337;19.17844391;0.138533461;36.48274831;9;1
0;2;0.602168551;-0.022096619;-0.99975584;1605;23.8249321;0.172695336;18.89511891;8;1
-0.096910013;1.070037867;0.000434077;-0.803793393;0.594908548;1559;22.63157272;0.140306797;22;9;1
0.176091259;2;0.477265995;0.525321989;0.850903525;1360;24.90794563;0.365216664;12.72943614;7;1
0.033423755;1.602059991;0.699056855;-0.866767091;0.498713154;1200;24.9551506;0.390045718;9;8;1
-0.22184875;1.688419822;0.000434077;0.004425698;-0.999990207;1543;24.28330231;0.201766461;41;9;1
0;1.903089987;0.301247089;0.995266636;-0.097181906;1555;22.77658844;0.270968;22.4523506;8;1
-0.252588192;1.607883744;0.778223627;0.862318872;-0.506365641;1576;23.02434158;0.257726578;19.55320514;8;0
0;2.076166939;0.301247089;-0.67348488;-0.739200999;1513;22.5329628;0.262228461;12;12;1
0.033423755;3.908485019;0.477265995;0.448046667;0.89401017;1183;24.79041862;0.389155132;17.57980543;8;1
0.033423755;3.908485019;1.000043427;0.75966831;0.65031074;1194;24.25409698;0.382016297;9.411626536;9;1
0.033423755;3.243038049;1.000043427;-0.030975032;0.999520159;1179;22.68720245;0.379662297;14;9;1
0.033423755;3.243038049;1.30105171;-0.955082577;0.296339788;1188;21.59165382;0.382255297;5;9;1
0.033423755;1;1.278776458;0.724117987;-0.689676113;1181;21.34682655;0.379662297;10.84908794;9;1
-0.301029996;2.130333768;0.699056855;-0.999647456;-0.026551154;1491;24.72131729;0.310530343;20.33355238;7;1
-0.301029996;2.130333768;0.477265995;0.730173561;0.683261715;1491;24.74293709;0.310530343;20.67274496;7;1
-0.26760624;-0.259637311;0.477265995;0.440143022;-0.897927681;1444;22.53811264;0.307446461;18;12;1
-0.024568191;1.927609861;0.865360644;0.249540118;0.968364461;1435.333333;22.55956395;0.310484461;18;11.33333333;1
0;1.810904281;0.000434077;0.525321989;0.850903525;1509;22.84479332;0.146281;53.14552411;9;1
0.342422681;2.682145076;0.339017563;0.543690377;-0.839285871;1394.909091;24.55416693;0.247194104;10.27987651;7;1
0;3.482158695;0.477265995;-0.996087835;0.088368686;2096;25.40912056;0.078855414;7.778657271;8;1
0;3.482158695;0.699056855;0.960170287;-0.279415498;2096;25.40004921;0.078855414;8.819595994;8;1
0;3.482158695;0.301247089;-0.907459447;0.420139682;2096;25.47111702;0.073045828;6.432256733;8;1
0;3.129689892;0.602168551;0.6669156;0.745133265;1574;21.31145096;0.132743711;9.614412726;10;1
0;3.389520466;1.278776458;0.848554326;0.529108265;1569;21.0989418;0.132743711;9;10;1
0.008600172;1.954242509;0.000434077;-0.283691091;0.958915723;1411;24.28153992;0.252772586;14;11;1
0;4.944482672;0.301247089;-0.914730178;-0.404065219;1452;24.2583046;0.255877407;9;11;1
0;4.944482672;0.477265995;-0.692895822;0.721037711;1447;24.37718201;0.256161407;13;11;1
0;4.792391689;0.301247089;0.853220108;-0.521551002;1487;24.20859528;0.254624203;5;11;1
0;4.792391689;0.477265995;-0.724097197;-0.689697941;1489;24.20637894;0.249137203;6.730640311;11;1
0;0.73239376;1.079217436;0.985896582;0.1673557;2009;24.85378647;0.08948875;11.7012546;11;1
0;1.934498451;0.301247089;-0.598460069;-0.801152636;1403;24.36982536;0.263510993;13.23533098;12;1
0;2.164352856;0.477265995;0.292109979;0.956384734;1851;24.15542221;0.240947032;9;11;1
0.301029996;3.743352951;0.699056855;0.839087928;-0.543995817;1509;23.02499994;0.357702164;18;9;1
-0.251811973;2.653212514;1.322239975;-0.996087835;0.088368686;1069;21.6825943;0.358035868;21;7;1
-0.251811973;2.653212514;1.322239975;-0.996087835;0.088368686;1069;21.6825943;0.358035868;21;7;1
-0.251811973;2.653212514;1.322239975;-0.996087835;0.088368686;1069;21.6825943;0.358035868;21;7;1
-0.22184875;1.853698212;0.000434077;0.985896582;0.1673557;785;22.03936958;0.439867993;21;9;1
-0.301029996;1.816903839;1.342442421;-0.66029407;-0.751007151;581;21.83016777;0.647190071;14;9;1
-0.14327111;2.066851861;1.019588214;-0.480063313;-0.877233843;922.1057024;23.15008745;0.540042874;25.16909726;7;0
0.255272505;2.347778717;1.431379849;0.711795929;-0.702386329;725;19.97532463;0.557945836;14;8;1
0;2.379396175;0.740441645;0.80377546;0.594932778;1869.5;25.44114113;0.220093547;53.06990789;9;1
0;1.617000341;0.778223627;0.977533295;-0.210781066;671;22.31383133;0.672595953;14.65076527;5;1
0;2.268343914;0.602168551;-0.283633279;-0.958932825;845;26.04102707;0.694597586;14;6;1
0.204119983;1.612783857;1.5185271;0.004425698;-0.999990207;693;22.83072662;0.543582993;29.24051854;7;1
-0.017728767;2.648360011;0.954290762;0.814180971;0.580611184;755;25.2230072;0.617935414;14;6;1
0;2.360385114;1.322239975;0.598484219;-0.801134595;1192;24.78575325;0.415283679;34;7;1
0;2.176091259;1.491375703;0.510177045;0.860069406;679;19.13209343;0.559927414;14;8;1
0;3.103803721;0.699056855;0.971585056;0.236690681;617;22.09113312;0.6840345;20.40150099;8;1
0;2.178976947;0.845160078;-0.215134707;0.976584383;1526;24.69813919;0.276703039;17.67398107;9;1
0;2.210853365;0.778223627;-0.967250588;0.253823363;2031;25.13568878;0.164253985;34.52877612;9;1
0;2.544068044;1.000043427;-0.383698445;-0.923458447;623;19.60133171;0.635918375;15.756052;8;1
0;1.586137025;0.301247089;-0.996087835;0.088368686;1269;23.09161377;0.344663039;34;9;1
0;3.934498451;1.079217436;0.984381951;-0.176045946;593;23.0367527;0.885017078;14.3130484;5;1
0;2.585765193;1.041432165;-0.408109582;0.912932949;1775;25.02406883;0.253227765;21.58412234;9;1
-0.186419011;1.881954971;0.301247089;0.871147401;-0.491021594;2074;25.10326195;0.120431257;31.60620304;9;0
-0.301029996;1.720490068;0.778223627;-0.925147537;0.379607739;1284;25.21318245;0.353553093;17;9;1
-0.301029996;1.668255422;0.602168551;0.367319368;-0.930094878;1198;24.62576103;0.3952231;17.52090323;7;1
0;1.906873535;1.000043427;0.408082062;0.912945251;1342;24.40400124;0.363755532;19.0035832;9;1
0;1.923244019;0.90314427;-0.895970947;-0.444112669;1232;24.93086815;0.398599679;37.86943032;7;1
0.301029996;2.238798563;0.301247089;-0.646942309;0.762538949;564;24.98019218;0.955444932;25;8;1
-0.26760624;1.760422483;0.301247089;-0.03979076;-0.999208034;549;25.04391289;0.973095932;18;7;1
0;2.041392685;0.000434077;-0.448073616;0.893996664;501;20.90058136;0.925696353;14;7;1
0;2.235528447;0.699056855;0.952422168;-0.304781911;1789;25.3585968;0.236165375;52.86427035;9;1
-0.301029996;1.63748973;0.778223627;-0.53283302;-0.846220404;1775;25.48756409;0.254594375;53.31607895;9;1
0;0.929418926;0.477265995;-0.240959049;-0.970535284;1768;25.48756409;0.254594375;53.46895841;9;1
0;2.434568904;1.176120211;0.98999675;-0.141090165;1992;24.81363869;0.131074664;36.41406077;9;1
0.255272505;2.092837563;1.176120211;-0.374165208;0.927362064;2021.166667;24.70640977;0.124894226;37.51812667;9;1
-0.301029996;2.434568904;1.38918381;-0.941026309;-0.338333394;2019;24.73344994;0.131074664;37.92773777;9;1
0;1.851258349;1.342442421;0.705529644;0.708680408;1128;22.99621391;0.464213961;21;7;1
0;2.695481676;1.322239975;0.998082961;-0.061890251;1075;22.23764229;0.50496014;16.85005969;7;1
0.021189299;2.67669361;1.176120211;-0.5177698;-0.855519979;1934;24.4915638;0.143284868;21;9;1
-0.251811973;2.997604787;1.000043427;0.6669156;0.745133265;1379;26.25912666;0.382808257;15;12;1
0;2.412796429;0.602168551;0.857787599;0.514004314;1368;26.26751137;0.382808257;18.43695257;12;1
0.178401342;3.681241237;0.000434077;-0.448073616;0.893996664;1982;21.64862251;0.29286;24.26901422;9;1
0.57634135;5.252853031;1.230474467;-0.136767079;0.990603233;1957;20.80611038;0.287196;22;9;1
0.561578368;5.252853031;1.278776458;0.987344059;-0.158592906;1926;21.28668976;0.297816;14;9;1
-0.124938737;2.357858648;0.000434077;-0.895970947;-0.444112669;1379;20.99640656;0.313898211;22;5;1
-0.301029996;1.041392685;1.176120211;0.934900405;-0.354910176;1713;17.86383438;0.326046828;26;8;1
-0.301029996;0.698970004;0.954290762;0.448046667;0.89401017;1705;18.54291916;0.327517789;23.45922089;8;1
-0.301029996;1.893761762;0.954290762;0.400012943;-0.91650949;1574;17.06761742;0.281565;26;9;1
0.638489257;3.158911045;0.602168551;-0.819288245;-0.573381872;1385;22.29631805;0.342920257;20.52087941;9;1
0.021189299;3.089657882;0.477265995;0.525321989;0.850903525;1388;22.29829216;0.342920257;18;9;1
0.033423755;3.158911045;0.699056855;-0.895970947;-0.444112669;1391;22.26159477;0.334712257;27.39778214;9;1
0.079181246;3.154515266;0.845160078;-0.399985315;-0.916521548;1391;22.29740143;0.334712257;29.64510418;9;1
0;2.548831473;0.778223627;-0.448073616;0.893996664;1528;21.27506828;0.3596935;22.66086666;8;1
-0.096910013;1.913760886;0.701222484;0.826945071;0.562282713;1805.525;16.96342087;0.368019;18.08682251;9;1
-0.180456064;1.322219295;1.255296632;0.977533295;-0.210781066;1744;16.14747047;0.342177;14.54502713;9;1
-0.301029996;1;1.079217436;-0.892018495;0.451998898;1774;16.93433189;0.361524;20.86675458;9;1
-0.111259039;1.911157609;0.602168551;-0.359072421;0.9333097;1426;21.57307816;0.323078968;19.77151136;8;0
-0.251811973;3.350248018;0.000434077;0.78221211;0.623012211;2138;21.23793221;0.185841;18;9;1
-0.087777943;2.892094603;0.301247089;0.206482229;-0.978450351;1502;19.53129959;0.268681711;18.38479135;8;0
0;2.424881637;0.778223627;0.283662185;-0.958924275;1544;20.54566002;0.281069211;21;8;1
0;2.963787827;0.778223627;-0.999843842;0.017671785;1581;20.71465302;0.233153875;14;8;1
-0.301029996;2.963787827;1.079217436;0.941036507;-0.338305028;1594;20.588274;0.236409875;19.39284832;8;1
-0.22184875;2.963787827;1.30105171;-0.866767091;0.498713154;1586;20.68110847;0.236409875;15.50893131;8;1
-0.22184875;2.963787827;1.255296632;0.931711414;0.363199451;1588;20.60075569;0.236409875;15.9552362;8;1
-0.26760624;1.017033339;0.90314427;0.057502525;-0.998345361;1575;20.77957726;0.242970875;15.20074401;8;0
0.397940009;2.920425974;0.954290762;0.89200487;0.452025787;1292;20.83585739;0.319825664;19.34701014;8;1
0;2.245882648;0.954290762;-0.342494779;0.939519732;1542;17.02970505;0.281226;18;8;1
0.212187604;2.440672116;0.938311866;0.987790332;0.155789152;1868.662577;18.68055942;0.405634123;21.32853956;6.693251534;0
-0.070581074;1.57634135;0.778223627;0.367319368;-0.930094878;1547;16.97412872;0.376995086;18;8;1
0;2.340444115;0.845160078;-0.7421744;0.670206804;1442;22.35906601;0.309414461;30;8;1
0;0.77815125;1.079217436;0.89200487;0.452025787;1431;22.57123756;0.313872461;30.02601632;8;1
0;3.026688488;1.230474467;0.895984334;-0.44408566;1528;20.15370369;0.328065282;26;7;1
-0.226213555;3.671845524;0.778223627;0.814180971;0.580611184;1554;19.90285301;0.290845875;21;9;0
0;2.39376818;0.301247089;-0.300563793;-0.953761713;1428;18.7050972;0.353182836;46;8;1
0;1.568436414;0.000434077;0.1804008;0.983593184;1391;18.80238342;0.327555293;33;8;1
-0.301029996;1.146128036;0.301247089;0.711795929;-0.702386329;1507;16.55894661;0.296949;21.21667173;9;1
0;1.15136985;0.845160078;-0.626444448;-0.77946607;1427;17.69270325;0.320381625;22.54628717;9;1
0;4.462397998;1.643462547;0.692874086;0.721058597;1302;18.04421806;0.032143668;14;10;1
0;4.462397998;1.146159056;-0.249569309;0.968356938;1278;16.51091003;0.020465668;14.33396891;11;1
0;2.182414652;0.880870733;0.150740375;0.988573386;1113.2;22.86828918;0.247204944;35.52612677;10.6;1
0.146128036;2.581250534;0.569992218;0.713569971;-0.700583968;1062.142857;22.93478966;0.284662605;31.53200278;7;1
-0.301029996;5.415486498;1.5185271;-0.342494779;0.939519732;1397;20.7794342;0.132161828;21;10;1
0;2.077658549;1.176120211;-0.692895822;0.721037711;1545;22.52408981;0.143371371;21;9;1
0;4.10720997;1.431379849;-0.938005201;0.34662118;1554;22.0381546;0.079297039;14;10;1
0;1.197004728;1.30105171;0.066306858;0.997799279;1462;22.69198227;0.149793371;18.06279769;9;1
0;2.196894347;1.30105171;0.705529644;0.708680408;1447;22.58577919;0.149793371;18.83299353;9;1
0;1.998172122;0.90314427;-0.982785152;0.184752119;1430;22.54406357;0.106942453;17.06736835;9;1
0;1.834102656;1.447173542;-0.598460069;-0.801152636;1458;22.60087585;0.145377582;17.20691159;9;1
0;2.581608366;1.390952761;-0.728979358;0.684535679;1229.4;21.51728592;0.171886646;24.83374267;7;1
0.008600172;4.192758077;1.431379849;-0.48716135;-0.873311983;1952;22.53600311;0.111501;4.505065802;9;1
0.008600172;4.192758077;1.39795738;-0.092776205;-0.995686987;1908;19.85836601;0.109104793;19.92776477;9;1
0.158362492;2.252634616;0.000434077;-0.967250588;0.253823363;1178;22.69462776;0.226182453;18.43965599;9;1
0.161368002;0.847168298;1.004512605;-0.961520229;-0.274734144;1120.827586;22.61768926;0.222448893;17.85430753;10.20689655;1
0;1.973127854;1.287824116;0.563896776;0.82584528;1182.2;22.31757278;0.159245193;19.14216572;9;1
-0.289882635;2.139910556;1.414990051;-0.975629313;0.219425258;1400;22.8572998;0.165844203;42;10;0
-0.301029996;1.912540883;0.000434077;-0.598460069;-0.801152636;1080;22.67061234;0.298810461;22.68898178;9;0
-0.301029996;0.62838893;1.041432165;0.569750334;-0.821817837;1168;22.56695175;0.164890243;18.42821113;9;1
-0.167491087;3.232462439;1.176120211;-0.383698445;-0.923458447;1689;14.58793163;-0.007179332;24.41981057;10;1
0;2.479431337;1.330434067;-0.571184498;-0.820821704;1241.4;21.39867973;0.171379717;21.82048941;7;1
0.217483944;2.407628809;0.602168551;-0.996087835;0.088368686;1420;25.48604584;0.368191507;38.02743073;10;1
-0.167491087;2.371898695;1.579795025;-0.875459459;0.483291564;1906;19.49406052;0.554766172;18;8;1
-0.193820026;2.371898695;1.579795025;-0.875459459;0.483291564;1906;19.49406052;0.554766172;18;8;1
0;1.633468456;0.477265995;0.605527875;0.795824097;1849;19.22562027;0.571590015;18.11958528;8;1
0;1.813314059;0.477265995;-0.066336936;0.997797279;1853;19.22834396;0.569927015;27.31938924;8;1
0;1.813314059;0.602168551;-0.967250588;0.253823363;1853;19.22834396;0.560376375;26.94388963;9;1
0;2.027471927;0.699056855;0.660316708;-0.750987247;1856;19.11960983;0.571758375;33.0059718;9;1
-0.15490196;1.289811839;0.70153098;0.39254959;0.919730841;1841;19.1546793;0.601047375;25.16426223;9;1
0;2.608804064;1.146159056;0.576977559;0.81676;1639;17.71473312;0.615915875;17.28160632;7;1
0;1.218797998;1.041432165;-0.994367461;0.105987512;1818;14.41979122;0.420774;12;9;1
-0.124938737;2.416823505;1.491375703;-0.824348396;0.566082788;1921;18.14040565;0.483148;15.48438751;7;1
-0.017728767;2.316934374;0.845160078;-0.753922058;0.656963873;2122;18.43964958;0.560327297;20.44026163;8;0
0;2.423180315;0.000434077;-0.448073616;0.893996664;1593;18.33969307;0.660666657;14;9;1
0;1.588831726;0.845160078;-0.455942276;-0.890009349;1981;17.0219841;0.435505578;21;8;1
0;1.803388825;1.39795738;-0.584184352;-0.811620997;2052;18.93192101;0.466414375;22.08753615;7;1
0;2.149095891;1.176120211;-0.798478039;-0.602023938;1925;17.6584053;0.436543797;22.40758146;7;1
-0.301029996;1.602059991;1.255296632;-0.471625713;-0.881798836;1553;17.21600914;0.7433855;12;9;1
0.225309282;2.173186268;0.477265995;0.967242936;0.25385252;1739;17.72434807;0.876414422;22;8;1
0.235528447;2.173186268;0.477265995;0.967242936;0.25385252;1739;17.72434807;0.876414422;22;8;1
0;1.553640336;1.431379849;0.705529644;0.708680408;1817;18.21510124;0.449983625;26.30806104;8;1
-0.096910013;0.829303773;1.000043427;-0.998081095;-0.061920337;2030;15.41630745;0.434472;16.73658199;8;1
0.26245109;1.324693914;0.477265995;0.866752057;0.498739282;1706;19.10975266;0.63044361;26;9;1
0;4.529709399;0.778223627;-0.999020813;-0.044242678;1703;17.0407486;0.425322;15.01610509;6;1
0;2.166045088;1.190359716;0.934900405;-0.354910176;1559;16.95400047;0.64668725;17.62115838;8;1
0;2.049218023;0.699056855;-0.057472431;-0.998347094;1793;18.86480141;0.572115304;22;7;1
-0.22184875;2.049218023;0.778223627;-0.057472431;-0.998347094;1793;18.87075043;0.572115304;22;7;1
0;2.905129091;0.301247089;-0.890002477;0.45595569;1477.5;17.75204945;0.70343075;16;9;1
0;4.24281464;1.176120211;-0.829309833;-0.558789049;2150;18.74862289;0.553063515;27.26322014;7;1
0;4.244298897;1.041432165;-0.317400116;-0.94829171;2156;19.92851448;0.561833547;16;7;1
-0.305394801;2.325084439;1.278776458;-0.048663609;0.998815225;1627;16.81923676;0.695457422;10.77462791;8;1
0;2.62324929;1.431379849;0.717964101;0.696080131;1871;17.97925377;0.532292882;35.66156506;7;1
0;3.217241725;1.556314564;-0.97936069;0.202120359;1895;15.45912647;0.457467;17.54896782;7;1
0.049218023;3.219243872;1.000043427;-0.083989475;0.996466642;1838;18.22307968;0.610066172;18;9;1
0;3.135774869;1.079217436;-0.502544319;-0.864551449;1557;16.83311272;0.64668725;17.94219838;8;1
0;2.769177859;1.556314564;-0.705551007;0.70865914;1971;17.48871803;0.366736422;14.00056198;7;1
0;1.301029996;0.778223627;0.416119426;0.909309971;1760;19.23486137;0.628462532;34.25353801;7;1
0;1.77815125;0.90314427;-0.197813574;0.980239659;1836;19.23235703;0.652977953;26.63552985;9;1
-0.301029996;1.397940009;0.301247089;-0.705551007;0.70865914;1752;19.00008011;0.472842461;24.35724375;10;1
-0.251811973;0.519827994;0.602168551;0.883863374;0.467745162;1579;19.03970718;0.434041461;18;9;0
0.008600172;0.06232386;0.389516993;0.172900681;0.984939264;1551.588235;18.78469549;0.649860078;14.61980693;8;1
-0.045757491;3.117867627;1.30105171;0.509412967;0.860522184;1551.6;18.76632023;0.651132078;8.318602664;8;1
0;2.853107803;1.491375703;0.626467944;-0.779447185;1944;18.12434578;0.414497;16.33831974;7;1
0;1.77815125;0.699056855;-0.999960826;-0.008851309;2044;17.9943409;0.513234125;18;7;1
-0.301029996;1.544068044;1.278776458;0.949677698;0.313228782;1703;18.72825432;0.304305;22.13106318;9;1
0;1.544068044;1.278776458;0.949677698;0.313228782;1703;18.72825432;0.304305;22.13106318;9;1
0.416640507;2.431363764;1.204147125;0.189129421;-0.981952169;1684;15.78369236;0.448062;20.89050548;9;0
0;1.477121255;0.477265995;0.367319368;-0.930094878;1399;19.24945831;0.457649703;34.33587268;10;1
0;1.837651558;1.146159056;-0.013276747;0.99991186;1823;19.88558388;0.358137;50;9;1
0;1.837651558;1.113976758;-0.962605866;0.270905788;1822;19.88558388;0.358137;50;9;1
0;3.113943352;1.278776458;0.975622698;0.219454668;1780;19.74859047;0.361977;33.77403511;9;1
0;0.716003344;0.90314427;-0.283691091;0.958915723;1447;19.36907578;0.442435289;34;9;1
0.049218023;1.698970004;1.146159056;0.934900405;-0.354910176;2092;18.44097137;0.512814;18.55042462;6;1
0.193124598;3.018284308;0.301247089;-0.598460069;-0.801152636;2075;18.24628067;0.467502;22.46128618;6;1
0;3.204119983;1.278776458;-0.232388421;0.972623062;1799;18.94543839;0.335958;18.3374271;9;1
0;3.204119983;1.230474467;0.612572066;-0.790414741;1798;19.36576462;0.335958;18;9;1
0.049218023;1.698970004;1.30105171;-0.934889706;-0.354938358;2090;19.53450012;0.54321675;18.07774203;7;1
0;2.013090138;1.146159056;-0.612548239;-0.790433207;1613;15.3090601;0.455844922;14;9;1
0;1.342422681;1.204147125;-0.765394653;-0.643561206;1550;15.26172161;0.475911922;43.07957388;9;1
-0.193820026;2.369994662;1.000043427;-0.829309833;-0.558789049;1546;15.44198036;0.490608493;34;9;1
-0.301029996;1.84509804;1.113976758;-0.7421744;0.670206804;1648;14.40129185;0.415468047;18;9;1
0;2.535673803;1.000043427;0.952422168;-0.304781911;1738;14.14822292;0.462792;15.54490119;9;1
-0.301029996;4.701567985;1.255296632;0.987344059;-0.158592906;1585;17.51223183;0.414205703;15.90770652;9;0
0;3.190715389;1.079217436;-0.934889706;-0.354938358;1741;17.18178177;0.479022;14.01461703;8;1
0;1.230448921;0.000434077;-0.448073616;0.893996664;1567;18.535326;0.388806289;14.17070127;9;1
0.227886705;2.519394795;0.477265995;0.004425698;-0.999990207;1762;15.6041584;0.405597;18;9;0
0;1.689397663;1.041432165;0.99339038;-0.114784814;1683;13.666996;0.391245;7.197894833;9;1
0.193124598;3.301029996;1.000043427;-0.540327671;0.841454697;1859;15.51429558;0.436326;14;6;1
0.193124598;1.477121255;1.113976758;0.984381951;-0.176045946;2108;18.70120239;0.502725;21;6;1
0;2.397940009;1.278776458;0.717964101;0.696080131;1679;13.67412853;0.356145;12.14280486;9;1
0;4.881884179;1.204147125;0.973648893;-0.22805226;1527;18.93437004;0.412627336;21;9;1
0;2.254330513;0.699056855;0.918270851;0.395952831;1471;18.42459869;0.419598882;29.22628721;7;1
-0.301029996;1.301029996;0.699056855;-0.988709136;0.149847406;1475;18.42459869;0.408735882;27.99154834;9;1
0;2.218404199;1.079217436;-0.809009907;-0.587795007;1505;18.8203373;0.408288336;21;9;1
0.008600172;2.16121822;1.255296632;0.189129421;-0.981952169;2084;18.62332535;0.532581953;22.15736708;8;1
0;4.701567985;1.39795738;-0.300563793;-0.953761713;1631;17.60581398;0.390702828;14;9;1
0;2.255272505;1.30105171;0.918270851;0.395952831;1706;11.91614532;0.349827;17.54903142;9;1
-0.233587153;2.63824958;1.176120211;0.925136093;0.379635627;1730;11.8377943;0.363279;7;9;1
0;3.968482949;0.477265995;0.525321989;0.850903525;1853;20.78917885;0.218559;18;9;1
0;3.968482949;0.000434077;0.6669156;0.745133265;1843;20.81157875;0.221976;18;9;1
0;3.968482949;0.000434077;0.525321989;0.850903525;1848;20.80270767;0.223215;18.27047118;9;1
-0.102372909;1.81190998;0.90314427;-0.292138809;0.956375928;1359;24.46912003;0.394678875;17.0405766;10;1
-0.055517328;2.583198774;1.322239975;-0.206452734;-0.978456575;1402;20.3904438;0.264742422;21.25901964;8;1
-0.301029996;5.152288344;1.041432165;0.432150761;0.901801375;2823;16.07224274;0.161196;24.32352925;10;1
-0.301029996;5.152288344;1.113976758;0.517795589;-0.855504371;2823;16.07224274;0.161196;21.92352829;10;1
-0.301029996;3.413360125;0.90314427;-0.525347639;0.850887689;1255;19.15002823;0.231586543;14.81944117;9;1
-0.065501549;2.812913357;1.255296632;-0.408109582;0.912932949;1637;16.68809128;0.06076325;18;8;1
0.505149978;2.480983725;0.477265995;-0.803793393;0.594908548;1404;21.28461647;0.306738368;38;8;1
0;2.286905353;0.699056855;-0.996087835;0.088368686;1426;20.98228073;0.271478836;31.90983214;8;1
-0.193820026;3.009935064;0.000434077;-0.803793393;0.594908548;1302;18.81689835;0.229521093;14.33933974;9;1
0;1.733277534;1.000043427;0.660316708;-0.750987247;1334;20.78206825;0.232850828;21.91017996;9;1
-0.301029996;2.084039781;0.90314427;-0.154221666;-0.988036273;1322;20.49343109;0.237329203;23.2526709;9;1
-0.107905397;1.541828767;1.041432165;-0.97936069;0.202120359;1543;19.59158707;0.142641578;18;9;1
0;2.40100398;0.301247089;-0.283691091;0.958915723;1350;19.64616966;0.228098375;37.22046529;9;1
-0.060480747;-0.920818754;0.602168551;0.066306858;0.997799279;1375;19.1265583;0.210693414;56;9;1
-0.301029996;1.200576927;0.778223627;-0.101615692;0.994823729;1374;19.30309296;0.206708414;35.83137353;9;1
0;2.389166084;1.000043427;0.416174247;-0.909284882;1370;18.88706207;0.199946;20.95083211;9;1
-0.307153081;2.388988785;0.778223627;0.857787599;0.514004314;1370;19.2595253;0.199946;21.41282537;9;0
-0.289882635;2.388988785;1.041432165;0.215105269;0.976590868;1370;19.35937881;0.199946;19.16718287;9;0
-0.271646218;1.802089258;1.176120211;0.633319203;0.773890682;1363;19.25767708;0.196262;26.08580752;9;0
0.021189299;2.40100398;0.426131562;0.982228225;0.187690472;1350.666667;19.74578857;0.222970388;38.50394832;9;1
0.079181246;1.799340549;1.278776458;-0.866767091;0.498713154;2070;22.13674355;0.198942;24.04231716;9;1
0;5.152288344;1.361746718;0.03982088;-0.999206834;1872;21.65218735;0.117792;23.14265208;10;1
0.204119983;1.866936818;0.000434077;0.798496186;-0.601999868;1875;22.79379272;0.117615;43.91610806;9;1
0;5.152288344;1.255296632;-0.753922058;0.656963873;1799;18.04261208;0.07104;18;10;1
0;1.681241237;1.079217436;-0.97936069;0.202120359;1366;18.73138809;0.313769039;23.92184248;9;1
0.255272505;3.973156036;0.90314427;-0.39930686;-0.916817338;1993.666667;16.98490916;0.085967399;14;8.472222222;0
1.010299957;3.11802651;0.845160078;-0.215134707;0.976584383;1405;20.73168564;0.299297328;20.19094097;8;1
0.760422483;3.11802651;0.477265995;-0.771080223;0.636738007;1409;20.69805336;0.299297328;29.8933797;8;1
0;1.169968174;0.602168551;0.317428702;-0.948282141;1405;20.73168564;0.299297328;19.76983631;8;1
0;1.653887558;0.602168551;-0.960161863;-0.279444442;1399;20.80409431;0.302719164;18.055989;8;1
0;3.206758434;0.000434077;-0.292138809;0.956375928;1396;20.69673538;0.295842118;15.65682093;8;1
1.010299957;3.52175377;1.146159056;-0.640144339;-0.768254661;1336;20.81962013;0.286353532;15.72601349;8;1
0.760422483;3.52175377;0.301247089;-0.375537536;0.926807186;1337;20.81962013;0.300294578;14;8;1
0.760422483;3.52175377;0.602168551;-0.907459447;0.420139682;1334;20.50164604;0.289453532;18;8;1
0;3.52175377;0.602168551;-0.110387244;-0.993888654;1331;20.29332542;0.286353532;18.12040565;8;1
0;3.52175377;0.602168551;-0.359072421;0.9333097;1336;20.82504654;0.286353532;17.85906698;8;1
-0.22184875;3.52175377;0.90314427;0.928471321;-0.371404101;1334;20.76877785;0.286353532;18;8;1
0;2.639217462;0.477265995;0.6669156;0.745133265;1306;23.27507782;0.233067907;25.48029419;8;1
0;4.899108858;1.176120211;-0.848570275;0.529082686;1954;20.76534271;0.172785;22;11;1
-0.301029996;3.759990991;0.699056855;-0.988709136;0.149847406;2147;22.19558907;0.198696;18;12;1
0.049218023;3.512159885;0.954290762;0.985143672;0.17173219;1215.5;18.37318993;0.211663746;17;8;1
-0.105130343;1.77815125;0.778223627;0.955073644;0.296368579;1353;20.48770142;0.203816789;24.58511201;9;1
-0.118615343;1;0.778223627;-0.996828595;-0.079578592;1409;18.30534554;0.152336918;22.89958337;9;0
0;0.301029996;0.602168551;0.206482229;-0.978450351;1297;20.24638939;0.225625289;14.84991028;9;1
0;3.255272505;0.000434077;-0.598460069;-0.801152636;1465;21.15588379;0.181748718;18;8;1
0.224014811;2.674034;1.146159056;-0.67348488;-0.739200999;1451;17.00420952;0.099008582;34;9;1
0.209515015;3.285190366;0.398113692;0.048633501;0.998816691;1355;21.42261791;0.202427125;18;8;1
0;3.340364784;0.301247089;0.78221211;0.623012211;1354;21.43706894;0.203312125;14;8;1
-0.000869459;2.372765829;1.361708878;-0.999865636;-0.01639236;1563.721443;17.81000742;0.080462789;40.36418928;9;0
0.08278537;2.360152126;0.476068341;-0.972621105;0.232396615;1693.049587;22.10208846;0.202090487;28.21117635;10.49586777;1
-0.26760624;3.672448848;0.301247089;-0.819288245;-0.573381872;1810;22.17488098;0.212664;18;12;1
1.010299957;5.481442629;1.380229337;0.057502525;-0.998345361;1651;21.03121567;0.187227;19.49154295;9;1
0.760422483;5.481442629;1.414990051;0.03982088;-0.999206834;1590;18.81081772;0.203494996;14;9;1
0.760422483;5.481442629;1.342442421;-0.334136971;-0.942524527;1467;17.99525261;0.194287707;14.14160646;8;1
0;2.591064607;0.602168551;0.742154197;0.670229176;1942;13.55367947;0.037582039;14;10;1
0.176091259;1.487868658;1.1856649;0.994364266;0.106017486;1944.666667;13.88078817;0.037582039;14;10;1
0.29666519;5.481442629;1.255296632;0.136737218;0.990607356;1554;21.20521355;0.201457;18;9;1
-0.283996656;5.481442629;0.954290762;0.871147401;-0.491021594;1542;21.80421066;0.201457;18;9;0
1.010299957;3.977723605;0.000434077;0.78221211;0.623012211;2350;22.05745125;0.203067;22;12;1
-0.251811973;3.977723605;0.301247089;-0.448073616;0.893996664;2348;22.0443058;0.203067;22;12;1
-0.193820026;3.977723605;0.000434077;0.525321989;0.850903525;2348;22.02309608;0.203067;22;12;1
0.031408464;4.313021843;0.301247089;0.879702927;-0.475523669;1290;22.36022949;0.383384836;18;9;0
0;4.954242509;1.361746718;-0.479438766;0.877575336;2105;17.76034737;0.026679836;21.8799528;10;1
0;1.812913357;0.301247089;0.949677698;0.313228782;2293;23.1434288;0.06;22;11;1
0;1.812913357;0.000434077;0.1804008;0.983593184;2285;23.1434288;0.06;22;11;1
0;4.921166051;1.041432165;-0.705551007;0.70865914;2257;23.00512505;0.060185;18;10;1
0;4.921166051;0.954290762;0.871147401;-0.491021594;2257;23.00512505;0.059972;18;10;1
0;4.921166051;0.602168551;0.998082961;-0.061890251;2259;22.59106064;0.059417;18;10;1
0;4.921166051;0.699056855;-0.999843842;0.017671785;2259;22.08567619;0.059033;18;10;1
0;4.921166051;1.462412973;-0.787695942;-0.616064204;2493;22.52308083;0.093681;20.96070958;11;1
0;4.921166051;1.447173542;-0.317400116;-0.94829171;2543;22.27048492;0.028030254;18.2607085;11;1
0;4.921166051;1.447173542;-0.717985084;0.696058488;2493;22.52308083;0.093681;20.86062954;11;1
0;4.921166051;1.204147125;0.605527875;0.795824097;2543;21.17436981;0.027239254;18;10;1
0;4.921166051;1.255296632;-0.996087835;0.088368686;2543;21.17436981;0.027239254;18;10;1
0;4.921166051;1.278776458;0.300592544;-0.953752653;2348;17.34559059;0.021916836;22;10;1
0;4.921166051;1.041432165;0.479412311;0.877589788;2433;17.27276039;0.028030254;22;11;1
0;4.954242509;1.278776458;0.879702927;-0.475523669;2354;19.49102592;0.027239254;22;10;1
-0.187086643;1.77815125;0.602168551;0.367319368;-0.930094878;1288;22.16986847;0.226972422;28.15985211;7;1
-0.22184875;0.977723605;0.954290762;-0.619544275;0.784961713;1295;20.54795265;0.237531993;42.75435678;7;1
0.214843848;1.944482672;0.477265995;-0.996087835;0.088368686;1394;20.72190666;0.209422336;39.38623008;7;1
-0.13667714;2.187971702;0.5534391;0.989133669;0.147018997;1519.849315;21.41955637;0.136986507;36.84107255;8;0
-0.283996656;2.187971702;0.477265995;-0.215134707;0.976584383;1521;21.58342552;0.136986507;36.19376265;8;1
-0.024568191;2.199810009;0.90314427;-0.48716135;-0.873311983;1414.666667;17.40812238;0.109083996;36.35788058;9;1
0;2.397470717;0.477265995;-0.771080223;0.636738007;1454;19.24004936;0.109038578;30.09850407;7;1
-0.301029996;0.176091259;1.146159056;0.197784025;0.980245622;1667;18.01771355;0.078757621;41.87416798;8;1
0;1;1.041432165;0.057502525;-0.998345361;1530;18.72710419;0.12672425;18.28697051;9;1
-0.193820026;1.531478917;0.778223627;-0.206452734;-0.978456575;1294;19.49813271;0.199372739;15.99511193;9;1
-0.096910013;4.767155866;1.322239975;0.925136093;0.379635627;1595;19.41267776;0.290176211;16.72213587;10;1
0;2.362482475;0.602168551;-0.66029407;-0.751007151;1240;22.43687057;0.317776172;22;7;1
-0.110138279;2.508260306;0.301247089;-0.22374095;-0.974648648;1464;21.28694725;0.184267336;22.98937186;8;0
0.056904851;0.056904851;0.477265995;-0.510202971;0.860054026;1844;26.60040665;0.071908679;1;12;1
0.334453751;1.666049738;0.477265995;-0.598460069;-0.801152636;1693;23.53768921;0.112095961;17.81843801;9;1
-0.22184875;0.62324929;0.000434077;-0.283691091;0.958915723;1628;24.94181061;0.134362328;10;10;1
0.301029996;2.020361283;1.000043427;0.883863374;0.467745162;1608;24.67098808;0.122154039;10.37794831;6;1
